Dive Number,GF Minimum,GF Maximum,Surface Interval (min),Imperial Units,Start Battery Voltage,Start CNS %,Start Date,Start External O2 Sensor Status,Start Low Set Point,Start High Set Point,Computer Firmware Version,Max Depth,Max Time,Error History,End Battery Voltage,End CNS,End Date,End External O2 Sensor Status,End Low Set Point,End High Set Point,Computer Serial Number,Computer Firmware Version,Computer Model,Log Version,Deco Model,VPM-B Conservatism,Start Surface Pressure,End Surface Pressure,Product
111,40,85,8178,False,4.1,0,7/19/2024 9:31:42 AM,False,0,1,86,17,1185,,4.1,1,7/19/2024 9:51:22 AM,False,0,1,937B0677,86,2,13,GF,40/85,996,996,Peregrine
Time (ms),Depth,First Stop Depth,Time To Surface (min),Average PPO2,Fraction O2,Fraction He,First Stop Time,Current NDL,Current Circuit Mode,Current CCR Mode,Water Temp,Gas Switch Needed,External PPO2,Set Point Type,Circuit Switch Type,External O2 Sensor 1 (mV),External O2 Sensor 2 (mV),External O2 Sensor 3 (mV),Battery Voltage,Tank 1 pressure (PSI),Tank 2 pressure (PSI),Tank 3 pressure (PSI),Tank 4 pressure (PSI),Gas Time Remaining,SAC Rate (2 minute avg),Ascent Rate,Safe Ascent Depth,CO2mbar
0,4.2,0,1,0.29,0.21,0,0,0,1,0,23,False,True,0,0,58,44,31,4.11,AI is off,AI is off,AI is off,AI is off,Not paired,AI is off,0,0,0
2000,4.5,0,1,0.3,0.21,0,0,0,1,0,23,False,True,0,0,55,41,30,4.11,AI is off,AI is off,AI is off,AI is off,Not paired,AI is off,0,0,0
4000,4.7,0,1,0.3,0.21,0,0,99,1,0,23,False,True,0,0,54,40,29,4.11,AI is off,AI is off,AI is off,AI is off,Not paired,AI is off,0,0,0
6000,5.3,0,1,0.31,0.21,0,0,99,1,0,23,False,True,0,0,55,41,29,4.11,AI is off,AI is off,AI is off,AI is off,Not paired,AI is off,0,0,0
8000,5.8,0,1,0.33,0.21,0,0,99,1,0,23,False,True,0,0,55,41,30,4.11,AI is off,AI is off,AI is off,AI is off,Not paired,AI is off,0,0,0
10000,6.2,0,1,0.33,0.21,0,0,99,1,0,23,False,True,0,0,55,40,29,4.11,AI is off,AI is off,AI is off,AI is off,Not paired,AI is off,0,0,0
12000,6.7,0,1,0.34,0.21,0,0,99,1,0,23,False,True,0,0,55,41,30,4.11,AI is off,AI is off,AI is off,AI is off,Not paired,AI is off,0,0,0
14000,7.2,0,1,0.36,0.21,0,0,99,1,0,23,False,True,0,0,54,40,28,4.11,AI is off,AI is off,AI is off,AI is off,Not paired,AI is off,0,0,0
16000,7.5,0,1,0.36,0.21,0,0,99,1,0,22,False,True,0,0,55,40,29,4.11,AI is off,AI is off,AI is off,AI is off,Not paired,AI is off,0,0,0
18000,7.5,0,1,0.36,0.21,0,0,99,1,0,22,False,True,0,0,55,41,29,4.11,AI is off,AI is off,AI is off,AI is off,Not paired,AI is off,0,0,0
20000,7.7,0,1,0.37,0.21,0,0,99,1,0,22,False,True,0,0,56,41,30,4.11,AI is off,AI is off,AI is off,AI is off,Not paired,AI is off,0,0,0
22000,8.1,0,1,0.37,0.21,0,0,99,1,0,22,False,True,0,0,55,40,29,4.11,AI is off,AI is off,AI is off,AI is off,Not paired,AI is off,0,0,0
24000,8.7,0,1,0.39,0.21,0,0,99,1,0,22,False,True,0,0,55,40,28,4.11,AI is off,AI is off,AI is off,AI is off,Not paired,AI is off,0,0,0
26000,8.900001,0,1,0.39,0.21,0,0,99,1,0,21,False,True,0,0,57,42,32,4.11,AI is off,AI is off,AI is off,AI is off,Not paired,AI is off,0,0,0
28000,9.3,0,1,0.4,0.21,0,0,99,1,0,21,False,True,0,0,56,41,30,4.11,AI is off,AI is off,AI is off,AI is off,Not paired,AI is off,0,0,0
30000,9.2,0,1,0.4,0.21,0,0,99,1,0,21,False,True,0,0,59,43,32,4.11,AI is off,AI is off,AI is off,AI is off,Not paired,AI is off,0,0,0
32000,9.400001,0,1,0.4,0.21,0,0,99,1,0,21,False,True,0,0,58,42,31,4.11,AI is off,AI is off,AI is off,AI is off,Not paired,AI is off,0,0,0
34000,9.7,0,1,0.41,0.21,0,0,99,1,0,21,False,True,0,0,56,42,31,4.11,AI is off,AI is off,AI is off,AI is off,Not paired,AI is off,0,0,0
36000,9.900001,0,1,0.41,0.21,0,0,99,1,0,21,False,True,0,0,57,43,33,4.11,AI is off,AI is off,AI is off,AI is off,Not paired,AI is off,0,0,0
38000,9.900001,0,1,0.41,0.21,0,0,99,1,0,20,False,True,0,0,58,44,33,4.11,AI is off,AI is off,AI is off,AI is off,Not paired,AI is off,0,0,0
40000,10.2,0,1,0.42,0.21,0,0,99,1,0,20,False,True,0,0,57,43,31,4.11,AI is off,AI is off,AI is off,AI is off,Not paired,AI is off,0,0,0
42000,10.5,0,1,0.42,0.21,0,0,99,1,0,20,False,True,0,0,55,40,29,4.11,AI is off,AI is off,AI is off,AI is off,Not paired,AI is off,0,0,0
44000,11,0,1,0.43,0.21,0,0,99,1,0,20,False,True,0,0,55,41,29,4.11,AI is off,AI is off,AI is off,AI is off,Not paired,AI is off,0,0,0
46000,11.3,0,5,0.44,0.21,0,0,99,1,0,20,False,True,0,0,54,40,28,4.11,AI is off,AI is off,AI is off,AI is off,Not paired,AI is off,0,0,0
48000,12,0,5,0.46,0.21,0,0,99,1,0,20,False,True,0,0,55,41,30,4.11,AI is off,AI is off,AI is off,AI is off,Not paired,AI is off,0,0,0
50000,12.5,0,5,0.47,0.21,0,0,99,1,0,20,False,True,0,0,55,41,30,4.11,AI is off,AI is off,AI is off,AI is off,Not paired,AI is off,0,0,0
52000,12.3,0,5,0.47,0.21,0,0,99,1,0,19,False,True,0,0,55,41,30,4.11,AI is off,AI is off,AI is off,AI is off,Not paired,AI is off,0,0,0
54000,12.5,0,5,0.47,0.21,0,0,99,1,0,19,False,True,0,0,56,41,31,4.11,AI is off,AI is off,AI is off,AI is off,Not paired,AI is off,0,0,0
56000,13,0,5,0.48,0.21,0,0,99,1,0,19,False,True,0,0,56,42,30,4.11,AI is off,AI is off,AI is off,AI is off,Not paired,AI is off,0,0,0
58000,13.2,0,5,0.48,0.21,0,0,99,1,0,19,False,True,0,0,57,43,31,4.11,AI is off,AI is off,AI is off,AI is off,Not paired,AI is off,0,0,0
60000,13.4,0,5,0.49,0.21,0,0,99,1,0,19,False,True,0,0,55,41,29,4.11,AI is off,AI is off,AI is off,AI is off,Not paired,AI is off,0,0,0
62000,13.3,0,5,0.49,0.21,0,0,84,1,0,19,False,True,0,0,54,41,30,4.11,AI is off,AI is off,AI is off,AI is off,Not paired,AI is off,0,0,0
64000,13.5,0,5,0.49,0.21,0,0,84,1,0,19,False,True,0,0,59,43,31,4.11,AI is off,AI is off,AI is off,AI is off,Not paired,AI is off,0,0,0
66000,13.9,0,5,0.5,0.21,0,0,84,1,0,19,False,True,0,0,55,41,29,4.11,AI is off,AI is off,AI is off,AI is off,Not paired,AI is off,0,0,0
68000,14.5,0,5,0.51,0.21,0,0,75,1,0,19,False,True,0,0,55,41,29,4.11,AI is off,AI is off,AI is off,AI is off,Not paired,AI is off,0,0,0
70000,14.8,0,5,0.51,0.21,0,0,75,1,0,19,False,True,0,0,55,41,30,4.11,AI is off,AI is off,AI is off,AI is off,Not paired,AI is off,0,0,0
72000,15,0,5,0.52,0.21,0,0,75,1,0,18,False,True,0,0,54,40,29,4.11,AI is off,AI is off,AI is off,AI is off,Not paired,AI is off,0,0,0
74000,15.4,0,5,0.53,0.21,0,0,75,1,0,18,False,True,0,0,54,40,28,4.11,AI is off,AI is off,AI is off,AI is off,Not paired,AI is off,0,0,0
76000,15.8,0,5,0.53,0.21,0,0,75,1,0,18,False,True,0,0,55,40,28,4.11,AI is off,AI is off,AI is off,AI is off,Not paired,AI is off,0,0,0
78000,16.1,0,5,0.54,0.21,0,0,55,1,0,18,False,True,0,0,55,40,29,4.11,AI is off,AI is off,AI is off,AI is off,Not paired,AI is off,0,0,0
80000,16.2,0,5,0.55,0.21,0,0,55,1,0,18,False,True,0,0,54,40,29,4.11,AI is off,AI is off,AI is off,AI is off,Not paired,AI is off,0,0,0
82000,16.3,0,5,0.55,0.21,0,0,55,1,0,18,False,True,0,0,55,43,30,4.11,AI is off,AI is off,AI is off,AI is off,Not paired,AI is off,0,0,0
84000,16.7,0,5,0.55,0.21,0,0,52,1,0,18,False,True,0,0,55,40,28,4.11,AI is off,AI is off,AI is off,AI is off,Not paired,AI is off,0,0,0
86000,16.8,0,5,0.56,0.21,0,0,52,1,0,18,False,True,0,0,54,40,29,4.11,AI is off,AI is off,AI is off,AI is off,Not paired,AI is off,0,0,0
88000,16.9,0,5,0.56,0.21,0,0,52,1,0,17,False,True,0,0,55,40,29,4.11,AI is off,AI is off,AI is off,AI is off,Not paired,AI is off,0,0,0
90000,16.9,0,5,0.56,0.21,0,0,52,1,0,17,False,True,0,0,56,41,30,4.11,AI is off,AI is off,AI is off,AI is off,Not paired,AI is off,0,0,0
92000,17,0,5,0.56,0.21,0,0,52,1,0,17,False,True,0,0,55,41,30,4.11,AI is off,AI is off,AI is off,AI is off,Not paired,AI is off,0,0,0
94000,16.8,0,5,0.56,0.21,0,0,48,1,0,17,False,True,0,0,55,40,28,4.11,AI is off,AI is off,AI is off,AI is off,Not paired,AI is off,0,0,0
96000,16.6,0,5,0.56,0.21,0,0,48,1,0,17,False,True,0,0,56,42,30,4.11,AI is off,AI is off,AI is off,AI is off,Not paired,AI is off,0,0,0
98000,16.5,0,5,0.55,0.21,0,0,48,1,0,17,False,True,0,0,56,42,31,4.11,AI is off,AI is off,AI is off,AI is off,Not paired,AI is off,0,0,0
100000,16.6,0,5,0.55,0.21,0,0,51,1,0,17,False,True,0,0,54,40,28,4.11,AI is off,AI is off,AI is off,AI is off,Not paired,AI is off,0,0,0
102000,16.5,0,5,0.55,0.21,0,0,51,1,0,17,False,True,0,0,54,40,28,4.11,AI is off,AI is off,AI is off,AI is off,Not paired,AI is off,0,0,0
104000,16.5,0,5,0.55,0.21,0,0,51,1,0,17,False,True,0,0,54,41,29,4.11,AI is off,AI is off,AI is off,AI is off,Not paired,AI is off,0,0,0
106000,16.5,0,5,0.55,0.21,0,0,51,1,0,17,False,True,0,0,54,40,29,4.11,AI is off,AI is off,AI is off,AI is off,Not paired,AI is off,0,0,0
108000,16.4,0,5,0.55,0.21,0,0,51,1,0,17,False,True,0,0,53,40,29,4.11,AI is off,AI is off,AI is off,AI is off,Not paired,AI is off,0,0,0
110000,16.2,0,5,0.55,0.21,0,0,52,1,0,16,False,True,0,0,54,40,29,4.11,AI is off,AI is off,AI is off,AI is off,Not paired,AI is off,0,0,0
112000,16.1,0,5,0.55,0.21,0,0,52,1,0,16,False,True,0,0,54,40,29,4.11,AI is off,AI is off,AI is off,AI is off,Not paired,AI is off,0,0,0
114000,16.1,0,5,0.54,0.21,0,0,52,1,0,16,False,True,0,0,54,41,31,4.11,AI is off,AI is off,AI is off,AI is off,Not paired,AI is off,0,0,0
116000,16.6,0,5,0.55,0.21,0,0,53,1,0,16,False,True,0,0,54,41,31,4.11,AI is off,AI is off,AI is off,AI is off,Not paired,AI is off,0,0,0
118000,16.6,0,5,0.56,0.21,0,0,53,1,0,16,False,True,0,0,55,41,29,4.11,AI is off,AI is off,AI is off,AI is off,Not paired,AI is off,0,0,0
120000,16.4,0,5,0.55,0.21,0,0,53,1,0,16,False,True,0,0,55,40,29,4.11,AI is off,AI is off,AI is off,AI is off,Not paired,AI is off,0,0,0
122000,16.1,0,5,0.55,0.21,0,0,53,1,0,16,False,True,0,0,55,41,29,4.11,AI is off,AI is off,AI is off,AI is off,Not paired,AI is off,0,0,0
124000,16,0,5,0.54,0.21,0,0,53,1,0,16,False,True,0,0,54,41,30,4.11,AI is off,AI is off,AI is off,AI is off,Not paired,AI is off,0,0,0
126000,16,0,5,0.54,0.21,0,0,55,1,0,16,False,True,0,0,54,41,30,4.11,AI is off,AI is off,AI is off,AI is off,Not paired,AI is off,0,0,0
128000,16.4,0,5,0.55,0.21,0,0,55,1,0,16,False,True,0,0,54,41,31,4.11,AI is off,AI is off,AI is off,AI is off,Not paired,AI is off,0,0,0
130000,16.1,0,5,0.55,0.21,0,0,55,1,0,16,False,True,0,0,55,40,28,4.11,AI is off,AI is off,AI is off,AI is off,Not paired,AI is off,0,0,0
132000,15.9,0,5,0.54,0.21,0,0,54,1,0,16,False,True,0,0,56,42,31,4.11,AI is off,AI is off,AI is off,AI is off,Not paired,AI is off,0,0,0
134000,15.8,0,5,0.54,0.21,0,0,54,1,0,16,False,True,0,0,55,40,29,4.11,AI is off,AI is off,AI is off,AI is off,Not paired,AI is off,0,0,0
136000,15.6,0,5,0.54,0.21,0,0,54,1,0,15,False,True,0,0,55,41,30,4.11,AI is off,AI is off,AI is off,AI is off,Not paired,AI is off,0,0,0
138000,15.3,0,5,0.53,0.21,0,0,54,1,0,16,False,True,0,0,55,41,30,4.11,AI is off,AI is off,AI is off,AI is off,Not paired,AI is off,0,0,0
140000,15.2,0,5,0.53,0.21,0,0,54,1,0,16,False,True,0,0,55,41,31,4.11,AI is off,AI is off,AI is off,AI is off,Not paired,AI is off,0,0,0
142000,15.1,0,5,0.52,0.21,0,0,62,1,0,16,False,True,0,0,55,41,31,4.11,AI is off,AI is off,AI is off,AI is off,Not paired,AI is off,0,0,0
144000,15,0,5,0.52,0.21,0,0,62,1,0,16,False,True,0,0,54,40,30,4.11,AI is off,AI is off,AI is off,AI is off,Not paired,AI is off,0,0,0
146000,14.6,0,5,0.52,0.21,0,0,62,1,0,16,False,True,0,0,54,41,30,4.11,AI is off,AI is off,AI is off,AI is off,Not paired,AI is off,0,0,0
148000,14.5,0,5,0.51,0.21,0,0,67,1,0,15,False,True,0,0,55,41,31,4.11,AI is off,AI is off,AI is off,AI is off,Not paired,AI is off,0,0,0
150000,14.8,0,5,0.51,0.21,0,0,67,1,0,15,False,True,0,0,54,40,29,4.11,AI is off,AI is off,AI is off,AI is off,Not paired,AI is off,0,0,0
152000,14.7,0,5,0.52,0.21,0,0,67,1,0,15,False,True,0,0,54,41,31,4.11,AI is off,AI is off,AI is off,AI is off,Not paired,AI is off,0,0,0
154000,14.6,0,5,0.51,0.21,0,0,67,1,0,15,False,True,0,0,55,42,31,4.11,AI is off,AI is off,AI is off,AI is off,Not paired,AI is off,0,0,0
156000,14.4,0,5,0.51,0.21,0,0,67,1,0,15,False,True,0,0,54,42,31,4.11,AI is off,AI is off,AI is off,AI is off,Not paired,AI is off,0,0,0
158000,14.5,0,5,0.51,0.21,0,0,67,1,0,15,False,True,0,0,54,41,31,4.11,AI is off,AI is off,AI is off,AI is off,Not paired,AI is off,0,0,0
160000,14.6,0,5,0.51,0.21,0,0,68,1,0,15,False,True,0,0,56,41,29,4.11,AI is off,AI is off,AI is off,AI is off,Not paired,AI is off,0,0,0
162000,14.7,0,5,0.51,0.21,0,0,68,1,0,15,False,True,0,0,54,41,30,4.11,AI is off,AI is off,AI is off,AI is off,Not paired,AI is off,0,0,0
164000,14.8,0,5,0.52,0.21,0,0,64,1,0,15,False,True,0,0,55,42,30,4.11,AI is off,AI is off,AI is off,AI is off,Not paired,AI is off,0,0,0
166000,14.6,0,5,0.51,0.21,0,0,64,1,0,15,False,True,0,0,54,41,30,4.11,AI is off,AI is off,AI is off,AI is off,Not paired,AI is off,0,0,0
168000,14.6,0,5,0.51,0.21,0,0,64,1,0,15,False,True,0,0,56,41,29,4.11,AI is off,AI is off,AI is off,AI is off,Not paired,AI is off,0,0,0
170000,14.5,0,5,0.51,0.21,0,0,64,1,0,15,False,True,0,0,56,42,31,4.11,AI is off,AI is off,AI is off,AI is off,Not paired,AI is off,0,0,0
172000,14.4,0,5,0.51,0.21,0,0,64,1,0,15,False,True,0,0,55,42,31,4.11,AI is off,AI is off,AI is off,AI is off,Not paired,AI is off,0,0,0
174000,14.5,0,5,0.51,0.21,0,0,64,1,0,15,False,True,0,0,55,41,31,4.11,AI is off,AI is off,AI is off,AI is off,Not paired,AI is off,0,0,0
176000,14.5,0,5,0.51,0.21,0,0,68,1,0,15,False,True,0,0,56,42,32,4.11,AI is off,AI is off,AI is off,AI is off,Not paired,AI is off,0,0,0
178000,14.4,0,5,0.51,0.21,0,0,68,1,0,15,False,True,0,0,55,40,30,4.11,AI is off,AI is off,AI is off,AI is off,Not paired,AI is off,0,0,0
180000,14.3,0,5,0.51,0.21,0,0,69,1,0,15,False,True,0,0,56,43,33,4.11,AI is off,AI is off,AI is off,AI is off,Not paired,AI is off,0,0,0
182000,14.4,0,5,0.51,0.21,0,0,69,1,0,15,False,True,0,0,56,42,31,4.11,AI is off,AI is off,AI is off,AI is off,Not paired,AI is off,0,0,0
184000,14.6,0,5,0.51,0.21,0,0,69,1,0,15,False,True,0,0,59,45,34,4.11,AI is off,AI is off,AI is off,AI is off,Not paired,AI is off,0,0,0
186000,14.7,0,5,0.51,0.21,0,0,69,1,0,15,False,True,0,0,57,44,33,4.11,AI is off,AI is off,AI is off,AI is off,Not paired,AI is off,0,0,0
188000,14.9,0,5,0.52,0.21,0,0,69,1,0,15,False,True,0,0,57,43,33,4.11,AI is off,AI is off,AI is off,AI is off,Not paired,AI is off,0,0,0
190000,14.8,0,5,0.52,0.21,0,0,69,1,0,15,False,True,0,0,57,43,33,4.11,AI is off,AI is off,AI is off,AI is off,Not paired,AI is off,0,0,0
192000,14.7,0,5,0.51,0.21,0,0,65,1,0,15,False,True,0,0,56,42,32,4.11,AI is off,AI is off,AI is off,AI is off,Not paired,AI is off,0,0,0
194000,14.8,0,5,0.52,0.21,0,0,65,1,0,15,False,True,0,0,55,42,31,4.11,AI is off,AI is off,AI is off,AI is off,Not paired,AI is off,0,0,0
196000,14.7,0,5,0.51,0.21,0,0,65,1,0,15,False,True,0,0,56,42,31,4.11,AI is off,AI is off,AI is off,AI is off,Not paired,AI is off,0,0,0
198000,14.7,0,5,0.51,0.21,0,0,65,1,0,15,False,True,0,0,58,45,33,4.11,AI is off,AI is off,AI is off,AI is off,Not paired,AI is off,0,0,0
200000,14.9,0,5,0.52,0.21,0,0,65,1,0,15,False,True,0,0,58,45,34,4.11,AI is off,AI is off,AI is off,AI is off,Not paired,AI is off,0,0,0
202000,14.9,0,5,0.52,0.21,0,0,65,1,0,15,False,True,0,0,55,42,29,4.11,AI is off,AI is off,AI is off,AI is off,Not paired,AI is off,0,0,0
204000,14.8,0,5,0.52,0.21,0,0,65,1,0,15,False,True,0,0,58,44,34,4.11,AI is off,AI is off,AI is off,AI is off,Not paired,AI is off,0,0,0
206000,14.7,0,5,0.51,0.21,0,0,65,1,0,15,False,True,0,0,57,44,33,4.11,AI is off,AI is off,AI is off,AI is off,Not paired,AI is off,0,0,0
208000,14.7,0,5,0.51,0.21,0,0,66,1,0,15,False,True,0,0,57,43,31,4.11,AI is off,AI is off,AI is off,AI is off,Not paired,AI is off,0,0,0
210000,14.7,0,5,0.51,0.21,0,0,66,1,0,15,False,True,0,0,58,43,34,4.11,AI is off,AI is off,AI is off,AI is off,Not paired,AI is off,0,0,0
212000,14.7,0,5,0.52,0.21,0,0,66,1,0,15,False,True,0,0,55,42,32,4.11,AI is off,AI is off,AI is off,AI is off,Not paired,AI is off,0,0,0
214000,14.6,0,5,0.51,0.21,0,0,65,1,0,15,False,True,0,0,56,41,31,4.11,AI is off,AI is off,AI is off,AI is off,Not paired,AI is off,0,0,0
216000,14.4,0,5,0.51,0.21,0,0,65,1,0,15,False,True,0,0,55,41,30,4.11,AI is off,AI is off,AI is off,AI is off,Not paired,AI is off,0,0,0
218000,14.3,0,5,0.51,0.21,0,0,65,1,0,15,False,True,0,0,55,40,29,4.11,AI is off,AI is off,AI is off,AI is off,Not paired,AI is off,0,0,0
220000,14.5,0,5,0.51,0.21,0,0,65,1,0,15,False,True,0,0,56,42,30,4.11,AI is off,AI is off,AI is off,AI is off,Not paired,AI is off,0,0,0
222000,14.6,0,5,0.51,0.21,0,0,65,1,0,15,False,True,0,0,55,41,30,4.11,AI is off,AI is off,AI is off,AI is off,Not paired,AI is off,0,0,0
224000,14.5,0,5,0.51,0.21,0,0,66,1,0,15,False,True,0,0,55,42,31,4.11,AI is off,AI is off,AI is off,AI is off,Not paired,AI is off,0,0,0
226000,14.7,0,5,0.51,0.21,0,0,66,1,0,15,False,True,0,0,56,43,32,4.11,AI is off,AI is off,AI is off,AI is off,Not paired,AI is off,0,0,0
228000,14.6,0,5,0.51,0.21,0,0,66,1,0,15,False,True,0,0,57,43,32,4.11,AI is off,AI is off,AI is off,AI is off,Not paired,AI is off,0,0,0
230000,14.7,0,5,0.51,0.21,0,0,66,1,0,15,False,True,0,0,57,44,34,4.11,AI is off,AI is off,AI is off,AI is off,Not paired,AI is off,0,0,0
232000,14.9,0,5,0.52,0.21,0,0,66,1,0,15,False,True,0,0,56,42,31,4.11,AI is off,AI is off,AI is off,AI is off,Not paired,AI is off,0,0,0
234000,15,0,5,0.52,0.21,0,0,66,1,0,15,False,True,0,0,57,44,33,4.11,AI is off,AI is off,AI is off,AI is off,Not paired,AI is off,0,0,0
236000,15,0,5,0.52,0.21,0,0,66,1,0,15,False,True,0,0,57,43,33,4.11,AI is off,AI is off,AI is off,AI is off,Not paired,AI is off,0,0,0
238000,15,0,5,0.52,0.21,0,0,66,1,0,15,False,True,0,0,55,42,31,4.11,AI is off,AI is off,AI is off,AI is off,Not paired,AI is off,0,0,0
240000,14.5,0,5,0.51,0.21,0,0,67,1,0,15,False,True,0,0,57,43,32,4.11,AI is off,AI is off,AI is off,AI is off,Not paired,AI is off,0,0,0
242000,14.4,0,5,0.51,0.21,0,0,67,1,0,15,False,True,0,0,57,44,33,4.11,AI is off,AI is off,AI is off,AI is off,Not paired,AI is off,0,0,0
244000,14.4,0,5,0.51,0.21,0,0,67,1,0,15,False,True,0,0,57,43,33,4.11,AI is off,AI is off,AI is off,AI is off,Not paired,AI is off,0,0,0
246000,14.5,0,5,0.51,0.21,0,0,67,1,0,15,False,True,0,0,55,41,31,4.11,AI is off,AI is off,AI is off,AI is off,Not paired,AI is off,0,0,0
248000,14.5,0,5,0.51,0.21,0,0,67,1,0,15,False,True,0,0,56,42,31,4.11,AI is off,AI is off,AI is off,AI is off,Not paired,AI is off,0,0,0
250000,14.6,0,5,0.51,0.21,0,0,67,1,0,15,False,True,0,0,56,43,33,4.11,AI is off,AI is off,AI is off,AI is off,Not paired,AI is off,0,0,0
252000,14.8,0,5,0.51,0.21,0,0,67,1,0,15,False,True,0,0,55,41,31,4.11,AI is off,AI is off,AI is off,AI is off,Not paired,AI is off,0,0,0
254000,15,0,5,0.52,0.21,0,0,67,1,0,15,False,True,0,0,56,43,32,4.11,AI is off,AI is off,AI is off,AI is off,Not paired,AI is off,0,0,0
256000,14.9,0,5,0.52,0.21,0,0,63,1,0,14,False,True,0,0,56,43,31,4.11,AI is off,AI is off,AI is off,AI is off,Not paired,AI is off,0,0,0
258000,14.9,0,5,0.52,0.21,0,0,63,1,0,14,False,True,0,0,56,42,32,4.11,AI is off,AI is off,AI is off,AI is off,Not paired,AI is off,0,0,0
260000,14.8,0,5,0.52,0.21,0,0,63,1,0,14,False,True,0,0,56,43,32,4.11,AI is off,AI is off,AI is off,AI is off,Not paired,AI is off,0,0,0
262000,14.8,0,5,0.52,0.21,0,0,64,1,0,14,False,True,0,0,57,44,32,4.11,AI is off,AI is off,AI is off,AI is off,Not paired,AI is off,0,0,0
264000,14.8,0,5,0.52,0.21,0,0,64,1,0,14,False,True,0,0,56,44,32,4.11,AI is off,AI is off,AI is off,AI is off,Not paired,AI is off,0,0,0
266000,14.8,0,5,0.52,0.21,0,0,64,1,0,14,False,True,0,0,58,45,34,4.11,AI is off,AI is off,AI is off,AI is off,Not paired,AI is off,0,0,0
268000,14.9,0,5,0.52,0.21,0,0,64,1,0,14,False,True,0,0,59,45,35,4.11,AI is off,AI is off,AI is off,AI is off,Not paired,AI is off,0,0,0
270000,14.9,0,5,0.52,0.21,0,0,64,1,0,14,False,True,0,0,57,45,34,4.11,AI is off,AI is off,AI is off,AI is off,Not paired,AI is off,0,0,0
272000,15.1,0,5,0.52,0.21,0,0,62,1,0,14,False,True,0,0,57,44,32,4.11,AI is off,AI is off,AI is off,AI is off,Not paired,AI is off,0,0,0
274000,15.3,0,5,0.53,0.21,0,0,62,1,0,14,False,True,0,0,56,42,32,4.11,AI is off,AI is off,AI is off,AI is off,Not paired,AI is off,0,0,0
276000,15.1,0,5,0.52,0.21,0,0,62,1,0,14,False,True,0,0,57,44,34,4.11,AI is off,AI is off,AI is off,AI is off,Not paired,AI is off,0,0,0
278000,15,0,5,0.52,0.21,0,0,61,1,0,14,False,True,0,0,57,44,33,4.11,AI is off,AI is off,AI is off,AI is off,Not paired,AI is off,0,0,0
280000,15.2,0,5,0.53,0.21,0,0,61,1,0,14,False,True,0,0,57,44,34,4.11,AI is off,AI is off,AI is off,AI is off,Not paired,AI is off,0,0,0
282000,15.1,0,5,0.52,0.21,0,0,61,1,0,14,False,True,0,0,57,44,33,4.11,AI is off,AI is off,AI is off,AI is off,Not paired,AI is off,0,0,0
284000,15.3,0,5,0.53,0.21,0,0,61,1,0,14,False,True,0,0,57,45,34,4.11,AI is off,AI is off,AI is off,AI is off,Not paired,AI is off,0,0,0
286000,15.5,0,5,0.53,0.21,0,0,61,1,0,14,False,True,0,0,57,42,33,4.11,AI is off,AI is off,AI is off,AI is off,Not paired,AI is off,0,0,0
288000,15.4,0,5,0.53,0.21,0,0,57,1,0,14,False,True,0,0,56,43,34,4.11,AI is off,AI is off,AI is off,AI is off,Not paired,AI is off,0,0,0
290000,15.5,0,5,0.53,0.21,0,0,57,1,0,14,False,True,0,0,58,44,33,4.11,AI is off,AI is off,AI is off,AI is off,Not paired,AI is off,0,0,0
292000,15.4,0,5,0.53,0.21,0,0,57,1,0,14,False,True,0,0,58,45,35,4.11,AI is off,AI is off,AI is off,AI is off,Not paired,AI is off,0,0,0
294000,15.3,0,5,0.53,0.21,0,0,58,1,0,14,False,True,0,0,56,43,33,4.11,AI is off,AI is off,AI is off,AI is off,Not paired,AI is off,0,0,0
296000,15.2,0,5,0.53,0.21,0,0,58,1,0,14,False,True,0,0,56,43,32,4.11,AI is off,AI is off,AI is off,AI is off,Not paired,AI is off,0,0,0
298000,15.4,0,5,0.53,0.21,0,0,58,1,0,14,False,True,0,0,56,42,32,4.11,AI is off,AI is off,AI is off,AI is off,Not paired,AI is off,0,0,0
300000,15,0,5,0.52,0.21,0,0,58,1,0,14,False,True,0,0,58,44,34,4.11,AI is off,AI is off,AI is off,AI is off,Not paired,AI is off,0,0,0
302000,14.9,0,5,0.52,0.21,0,0,58,1,0,14,False,True,0,0,57,43,33,4.11,AI is off,AI is off,AI is off,AI is off,Not paired,AI is off,0,0,0
304000,14.6,0,5,0.51,0.21,0,0,65,1,0,14,False,True,0,0,56,44,33,4.11,AI is off,AI is off,AI is off,AI is off,Not paired,AI is off,0,0,0
306000,14.6,0,5,0.51,0.21,0,0,65,1,0,14,False,True,0,0,59,44,34,4.11,AI is off,AI is off,AI is off,AI is off,Not paired,AI is off,0,0,0
308000,14.7,0,5,0.51,0.21,0,0,65,1,0,14,False,True,0,0,58,44,33,4.11,AI is off,AI is off,AI is off,AI is off,Not paired,AI is off,0,0,0
310000,14.8,0,5,0.52,0.21,0,0,63,1,0,14,False,True,0,0,58,44,34,4.11,AI is off,AI is off,AI is off,AI is off,Not paired,AI is off,0,0,0
312000,14.8,0,5,0.52,0.21,0,0,63,1,0,14,False,True,0,0,57,44,33,4.11,AI is off,AI is off,AI is off,AI is off,Not paired,AI is off,0,0,0
314000,14.9,0,5,0.52,0.21,0,0,63,1,0,14,False,True,0,0,55,42,31,4.11,AI is off,AI is off,AI is off,AI is off,Not paired,AI is off,0,0,0
316000,15,0,5,0.52,0.21,0,0,63,1,0,14,False,True,0,0,56,42,31,4.11,AI is off,AI is off,AI is off,AI is off,Not paired,AI is off,0,0,0
318000,15.2,0,5,0.52,0.21,0,0,63,1,0,14,False,True,0,0,55,41,31,4.11,AI is off,AI is off,AI is off,AI is off,Not paired,AI is off,0,0,0
320000,15.2,0,5,0.52,0.21,0,0,63,1,0,14,False,True,0,0,55,41,31,4.11,AI is off,AI is off,AI is off,AI is off,Not paired,AI is off,0,0,0
322000,15.2,0,5,0.53,0.21,0,0,58,1,0,14,False,True,0,0,55,42,31,4.11,AI is off,AI is off,AI is off,AI is off,Not paired,AI is off,0,0,0
324000,14.8,0,5,0.52,0.21,0,0,58,1,0,14,False,True,0,0,57,43,32,4.11,AI is off,AI is off,AI is off,AI is off,Not paired,AI is off,0,0,0
326000,14.8,0,5,0.52,0.21,0,0,63,1,0,14,False,True,0,0,57,43,33,4.11,AI is off,AI is off,AI is off,AI is off,Not paired,AI is off,0,0,0
328000,14.8,0,5,0.52,0.21,0,0,63,1,0,14,False,True,0,0,58,45,35,4.11,AI is off,AI is off,AI is off,AI is off,Not paired,AI is off,0,0,0
330000,14.8,0,5,0.52,0.21,0,0,63,1,0,14,False,True,0,0,57,44,33,4.11,AI is off,AI is off,AI is off,AI is off,Not paired,AI is off,0,0,0
332000,14.7,0,5,0.51,0.21,0,0,63,1,0,14,False,True,0,0,54,41,31,4.11,AI is off,AI is off,AI is off,AI is off,Not paired,AI is off,0,0,0
334000,14.7,0,5,0.51,0.21,0,0,63,1,0,14,False,True,0,0,58,44,33,4.11,AI is off,AI is off,AI is off,AI is off,Not paired,AI is off,0,0,0
336000,14.7,0,5,0.51,0.21,0,0,63,1,0,14,False,True,0,0,58,43,33,4.11,AI is off,AI is off,AI is off,AI is off,Not paired,AI is off,0,0,0
338000,14.7,0,5,0.51,0.21,0,0,64,1,0,14,False,True,0,0,57,45,35,4.11,AI is off,AI is off,AI is off,AI is off,Not paired,AI is off,0,0,0
340000,14.5,0,5,0.51,0.21,0,0,64,1,0,14,False,True,0,0,57,44,33,4.11,AI is off,AI is off,AI is off,AI is off,Not paired,AI is off,0,0,0
342000,14,0,5,0.5,0.21,0,0,70,1,0,14,False,True,0,0,57,43,33,4.11,AI is off,AI is off,AI is off,AI is off,Not paired,AI is off,0,0,0
344000,13.6,0,5,0.49,0.21,0,0,70,1,0,14,False,True,0,0,58,44,33,4.11,AI is off,AI is off,AI is off,AI is off,Not paired,AI is off,0,0,0
346000,13.2,0,5,0.48,0.21,0,0,70,1,0,14,False,True,0,0,58,44,33,4.11,AI is off,AI is off,AI is off,AI is off,Not paired,AI is off,0,0,0
348000,12.7,0,5,0.48,0.21,0,0,70,1,0,14,False,True,0,0,57,43,33,4.11,AI is off,AI is off,AI is off,AI is off,Not paired,AI is off,0,0,0
350000,12.6,0,5,0.47,0.21,0,0,70,1,0,14,False,True,0,0,57,44,33,4.11,AI is off,AI is off,AI is off,AI is off,Not paired,AI is off,0,0,0
352000,12.6,0,5,0.47,0.21,0,0,70,1,0,14,False,True,0,0,55,42,32,4.11,AI is off,AI is off,AI is off,AI is off,Not paired,AI is off,0,0,0
354000,12.7,0,5,0.47,0.21,0,0,91,1,0,14,False,True,0,0,56,43,32,4.11,AI is off,AI is off,AI is off,AI is off,Not paired,AI is off,0,0,0
356000,12.9,0,5,0.48,0.21,0,0,91,1,0,14,False,True,0,0,57,43,33,4.11,AI is off,AI is off,AI is off,AI is off,Not paired,AI is off,0,0,0
358000,13,0,5,0.48,0.21,0,0,91,1,0,14,False,True,0,0,55,42,33,4.11,AI is off,AI is off,AI is off,AI is off,Not paired,AI is off,0,0,0
360000,13.2,0,5,0.48,0.21,0,0,83,1,0,14,False,True,0,0,56,42,33,4.11,AI is off,AI is off,AI is off,AI is off,Not paired,AI is off,0,0,0
362000,13.6,0,5,0.49,0.21,0,0,83,1,0,14,False,True,0,0,55,41,31,4.11,AI is off,AI is off,AI is off,AI is off,Not paired,AI is off,0,0,0
364000,13.9,0,5,0.5,0.21,0,0,83,1,0,14,False,True,0,0,55,42,32,4.11,AI is off,AI is off,AI is off,AI is off,Not paired,AI is off,0,0,0
366000,14,0,5,0.5,0.21,0,0,83,1,0,14,False,True,0,0,57,44,34,4.11,AI is off,AI is off,AI is off,AI is off,Not paired,AI is off,0,0,0
368000,14.2,0,5,0.5,0.21,0,0,83,1,0,14,False,True,0,0,56,43,32,4.11,AI is off,AI is off,AI is off,AI is off,Not paired,AI is off,0,0,0
370000,14.3,0,5,0.5,0.21,0,0,67,1,0,14,False,True,0,0,56,43,33,4.11,AI is off,AI is off,AI is off,AI is off,Not paired,AI is off,0,0,0
372000,14.3,0,5,0.51,0.21,0,0,67,1,0,14,False,True,0,0,55,41,32,4.11,AI is off,AI is off,AI is off,AI is off,Not paired,AI is off,0,0,0
374000,14.2,0,5,0.5,0.21,0,0,67,1,0,14,False,True,0,0,56,43,32,4.11,AI is off,AI is off,AI is off,AI is off,Not paired,AI is off,0,0,0
376000,14.2,0,5,0.5,0.21,0,0,67,1,0,14,False,True,0,0,59,45,36,4.11,AI is off,AI is off,AI is off,AI is off,Not paired,AI is off,0,0,0
378000,14.3,0,5,0.5,0.21,0,0,67,1,0,14,False,True,0,0,56,43,33,4.11,AI is off,AI is off,AI is off,AI is off,Not paired,AI is off,0,0,0
380000,14.3,0,5,0.51,0.21,0,0,67,1,0,14,False,True,0,0,56,42,33,4.11,AI is off,AI is off,AI is off,AI is off,Not paired,AI is off,0,0,0
382000,14.5,0,5,0.51,0.21,0,0,67,1,0,14,False,True,0,0,58,44,34,4.11,AI is off,AI is off,AI is off,AI is off,Not paired,AI is off,0,0,0
384000,14.8,0,5,0.51,0.21,0,0,67,1,0,14,False,True,0,0,57,44,34,4.11,AI is off,AI is off,AI is off,AI is off,Not paired,AI is off,0,0,0
386000,15.2,0,5,0.52,0.21,0,0,60,1,0,14,False,True,0,0,55,42,31,4.11,AI is off,AI is off,AI is off,AI is off,Not paired,AI is off,0,0,0
388000,15.3,0,5,0.53,0.21,0,0,60,1,0,14,False,True,0,0,56,43,32,4.11,AI is off,AI is off,AI is off,AI is off,Not paired,AI is off,0,0,0
390000,15.4,0,5,0.53,0.21,0,0,60,1,0,14,False,True,0,0,57,43,33,4.11,AI is off,AI is off,AI is off,AI is off,Not paired,AI is off,0,0,0
392000,15.4,0,5,0.53,0.21,0,0,56,1,0,14,False,True,0,0,56,44,33,4.11,AI is off,AI is off,AI is off,AI is off,Not paired,AI is off,0,0,0
394000,15.3,0,5,0.53,0.21,0,0,56,1,0,14,False,True,0,0,59,44,34,4.11,AI is off,AI is off,AI is off,AI is off,Not paired,AI is off,0,0,0
396000,15.2,0,5,0.52,0.21,0,0,56,1,0,14,False,True,0,0,58,45,35,4.11,AI is off,AI is off,AI is off,AI is off,Not paired,AI is off,0,0,0
398000,15.2,0,5,0.52,0.21,0,0,56,1,0,14,False,True,0,0,58,44,34,4.11,AI is off,AI is off,AI is off,AI is off,Not paired,AI is off,0,0,0
400000,15.2,0,5,0.52,0.21,0,0,56,1,0,14,False,True,0,0,58,45,35,4.11,AI is off,AI is off,AI is off,AI is off,Not paired,AI is off,0,0,0
402000,15.1,0,5,0.52,0.21,0,0,58,1,0,14,False,True,0,0,57,45,36,4.11,AI is off,AI is off,AI is off,AI is off,Not paired,AI is off,0,0,0
404000,15,0,5,0.52,0.21,0,0,58,1,0,14,False,True,0,0,58,44,34,4.11,AI is off,AI is off,AI is off,AI is off,Not paired,AI is off,0,0,0
406000,15,0,5,0.52,0.21,0,0,58,1,0,14,False,True,0,0,57,44,34,4.11,AI is off,AI is off,AI is off,AI is off,Not paired,AI is off,0,0,0
408000,15,0,5,0.52,0.21,0,0,59,1,0,14,False,True,0,0,57,45,34,4.11,AI is off,AI is off,AI is off,AI is off,Not paired,AI is off,0,0,0
410000,14.9,0,5,0.52,0.21,0,0,59,1,0,14,False,True,0,0,57,43,32,4.11,AI is off,AI is off,AI is off,AI is off,Not paired,AI is off,0,0,0
412000,14.7,0,5,0.51,0.21,0,0,59,1,0,14,False,True,0,0,58,45,35,4.11,AI is off,AI is off,AI is off,AI is off,Not paired,AI is off,0,0,0
414000,14.7,0,5,0.51,0.21,0,0,59,1,0,14,False,True,0,0,58,45,34,4.11,AI is off,AI is off,AI is off,AI is off,Not paired,AI is off,0,0,0
416000,14.8,0,5,0.52,0.21,0,0,59,1,0,14,False,True,0,0,58,46,38,4.11,AI is off,AI is off,AI is off,AI is off,Not paired,AI is off,0,0,0
418000,14.8,0,5,0.52,0.21,0,0,59,1,0,14,False,True,0,0,57,45,33,4.11,AI is off,AI is off,AI is off,AI is off,Not paired,AI is off,0,0,0
420000,14.8,0,5,0.52,0.21,0,0,61,1,0,14,False,True,0,0,57,44,33,4.11,AI is off,AI is off,AI is off,AI is off,Not paired,AI is off,0,0,0
422000,14.7,0,5,0.51,0.21,0,0,61,1,0,14,False,True,0,0,57,44,33,4.11,AI is off,AI is off,AI is off,AI is off,Not paired,AI is off,0,0,0
424000,14.5,0,5,0.51,0.21,0,0,63,1,0,14,False,True,0,0,57,45,33,4.11,AI is off,AI is off,AI is off,AI is off,Not paired,AI is off,0,0,0
426000,14.5,0,5,0.51,0.21,0,0,63,1,0,14,False,True,0,0,57,44,33,4.11,AI is off,AI is off,AI is off,AI is off,Not paired,AI is off,0,0,0
428000,14.6,0,5,0.51,0.21,0,0,63,1,0,14,False,True,0,0,59,45,36,4.11,AI is off,AI is off,AI is off,AI is off,Not paired,AI is off,0,0,0
430000,14.9,0,5,0.52,0.21,0,0,63,1,0,14,False,True,0,0,58,45,35,4.11,AI is off,AI is off,AI is off,AI is off,Not paired,AI is off,0,0,0
432000,14.8,0,5,0.52,0.21,0,0,63,1,0,14,False,True,0,0,58,44,34,4.11,AI is off,AI is off,AI is off,AI is off,Not paired,AI is off,0,0,0
434000,14.5,0,5,0.51,0.21,0,0,63,1,0,14,False,True,0,0,58,46,35,4.11,AI is off,AI is off,AI is off,AI is off,Not paired,AI is off,0,0,0
436000,14.4,0,5,0.51,0.21,0,0,63,1,0,14,False,True,0,0,57,45,36,4.11,AI is off,AI is off,AI is off,AI is off,Not paired,AI is off,0,0,0
438000,14.4,0,5,0.51,0.21,0,0,63,1,0,14,False,True,0,0,58,45,35,4.11,AI is off,AI is off,AI is off,AI is off,Not paired,AI is off,0,0,0
440000,14.4,0,5,0.51,0.21,0,0,64,1,0,14,False,True,0,0,55,44,31,4.11,AI is off,AI is off,AI is off,AI is off,Not paired,AI is off,0,0,0
442000,14.4,0,5,0.51,0.21,0,0,64,1,0,14,False,True,0,0,56,43,32,4.11,AI is off,AI is off,AI is off,AI is off,Not paired,AI is off,0,0,0
444000,14.3,0,5,0.51,0.21,0,0,65,1,0,14,False,True,0,0,56,44,33,4.11,AI is off,AI is off,AI is off,AI is off,Not paired,AI is off,0,0,0
446000,14.4,0,5,0.51,0.21,0,0,65,1,0,14,False,True,0,0,58,44,34,4.11,AI is off,AI is off,AI is off,AI is off,Not paired,AI is off,0,0,0
448000,14.6,0,5,0.51,0.21,0,0,65,1,0,14,False,True,0,0,56,44,33,4.11,AI is off,AI is off,AI is off,AI is off,Not paired,AI is off,0,0,0
450000,14.5,0,5,0.51,0.21,0,0,65,1,0,14,False,True,0,0,58,44,33,4.11,AI is off,AI is off,AI is off,AI is off,Not paired,AI is off,0,0,0
452000,14.7,0,5,0.51,0.21,0,0,65,1,0,14,False,True,0,0,57,45,34,4.11,AI is off,AI is off,AI is off,AI is off,Not paired,AI is off,0,0,0
454000,14.9,0,5,0.52,0.21,0,0,60,1,0,14,False,True,0,0,57,43,32,4.11,AI is off,AI is off,AI is off,AI is off,Not paired,AI is off,0,0,0
456000,15.1,0,5,0.52,0.21,0,0,60,1,0,14,False,True,0,0,57,43,33,4.11,AI is off,AI is off,AI is off,AI is off,Not paired,AI is off,0,0,0
458000,15.2,0,5,0.52,0.21,0,0,60,1,0,14,False,True,0,0,57,44,33,4.11,AI is off,AI is off,AI is off,AI is off,Not paired,AI is off,0,0,0
460000,15.2,0,5,0.52,0.21,0,0,57,1,0,14,False,True,0,0,57,44,33,4.11,AI is off,AI is off,AI is off,AI is off,Not paired,AI is off,0,0,0
462000,15.3,0,5,0.53,0.21,0,0,57,1,0,14,False,True,0,0,57,44,33,4.11,AI is off,AI is off,AI is off,AI is off,Not paired,AI is off,0,0,0
464000,15.4,0,5,0.53,0.21,0,0,54,1,0,14,False,True,0,0,57,44,33,4.11,AI is off,AI is off,AI is off,AI is off,Not paired,AI is off,0,0,0
466000,15.6,0,5,0.53,0.21,0,0,54,1,0,14,False,True,0,0,57,45,35,4.11,AI is off,AI is off,AI is off,AI is off,Not paired,AI is off,0,0,0
468000,15.5,0,5,0.53,0.21,0,0,54,1,0,14,False,True,0,0,58,43,33,4.11,AI is off,AI is off,AI is off,AI is off,Not paired,AI is off,0,0,0
470000,15.7,0,5,0.53,0.21,0,0,54,1,0,14,False,True,0,0,55,42,32,4.11,AI is off,AI is off,AI is off,AI is off,Not paired,AI is off,0,0,0
472000,16,0,5,0.54,0.21,0,0,54,1,0,14,False,True,0,0,55,41,31,4.11,AI is off,AI is off,AI is off,AI is off,Not paired,AI is off,0,0,0
474000,15.9,0,5,0.54,0.21,0,0,54,1,0,14,False,True,0,0,57,44,34,4.11,AI is off,AI is off,AI is off,AI is off,Not paired,AI is off,0,0,0
476000,15.9,0,5,0.54,0.21,0,0,49,1,0,14,False,True,0,0,58,45,36,4.11,AI is off,AI is off,AI is off,AI is off,Not paired,AI is off,0,0,0
478000,15.9,0,5,0.54,0.21,0,0,49,1,0,14,False,True,0,0,58,44,34,4.11,AI is off,AI is off,AI is off,AI is off,Not paired,AI is off,0,0,0
480000,15.8,0,5,0.54,0.21,0,0,49,1,0,14,False,True,0,0,58,43,33,4.11,AI is off,AI is off,AI is off,AI is off,Not paired,AI is off,0,0,0
482000,15.8,0,5,0.53,0.21,0,0,51,1,0,14,False,True,0,0,57,44,33,4.11,AI is off,AI is off,AI is off,AI is off,Not paired,AI is off,0,0,0
484000,16,0,5,0.54,0.21,0,0,51,1,0,14,False,True,0,0,57,44,33,4.11,AI is off,AI is off,AI is off,AI is off,Not paired,AI is off,0,0,0
486000,16,0,5,0.54,0.21,0,0,51,1,0,14,False,True,0,0,57,44,33,4.11,AI is off,AI is off,AI is off,AI is off,Not paired,AI is off,0,0,0
488000,15.9,0,5,0.54,0.21,0,0,51,1,0,14,False,True,0,0,58,44,33,4.11,AI is off,AI is off,AI is off,AI is off,Not paired,AI is off,0,0,0
490000,15.9,0,5,0.54,0.21,0,0,51,1,0,14,False,True,0,0,58,44,33,4.11,AI is off,AI is off,AI is off,AI is off,Not paired,AI is off,0,0,0
492000,15.8,0,5,0.54,0.21,0,0,50,1,0,14,False,True,0,0,58,44,34,4.11,AI is off,AI is off,AI is off,AI is off,Not paired,AI is off,0,0,0
494000,15.8,0,5,0.54,0.21,0,0,50,1,0,14,False,True,0,0,57,45,35,4.11,AI is off,AI is off,AI is off,AI is off,Not paired,AI is off,0,0,0
496000,15.7,0,5,0.54,0.21,0,0,50,1,0,14,False,True,0,0,58,45,36,4.11,AI is off,AI is off,AI is off,AI is off,Not paired,AI is off,0,0,0
498000,15.7,0,5,0.54,0.21,0,0,51,1,0,14,False,True,0,0,57,44,34,4.11,AI is off,AI is off,AI is off,AI is off,Not paired,AI is off,0,0,0
500000,15.7,0,5,0.53,0.21,0,0,51,1,0,14,False,True,0,0,57,44,34,4.11,AI is off,AI is off,AI is off,AI is off,Not paired,AI is off,0,0,0
502000,15.6,0,5,0.53,0.21,0,0,51,1,0,14,False,True,0,0,58,44,34,4.11,AI is off,AI is off,AI is off,AI is off,Not paired,AI is off,0,0,0
504000,15.7,0,5,0.53,0.21,0,0,51,1,0,14,False,True,0,0,57,45,35,4.11,AI is off,AI is off,AI is off,AI is off,Not paired,AI is off,0,0,0
506000,15.6,0,5,0.53,0.21,0,0,51,1,0,14,False,True,0,0,57,43,33,4.11,AI is off,AI is off,AI is off,AI is off,Not paired,AI is off,0,0,0
508000,15.6,0,5,0.53,0.21,0,0,52,1,0,14,False,True,0,0,58,44,34,4.11,AI is off,AI is off,AI is off,AI is off,Not paired,AI is off,0,0,0
510000,15.6,0,5,0.53,0.21,0,0,52,1,0,14,False,True,0,0,57,44,34,4.11,AI is off,AI is off,AI is off,AI is off,Not paired,AI is off,0,0,0
512000,15.5,0,5,0.53,0.21,0,0,52,1,0,14,False,True,0,0,57,44,33,4.11,AI is off,AI is off,AI is off,AI is off,Not paired,AI is off,0,0,0
514000,15.5,0,5,0.53,0.21,0,0,53,1,0,14,False,True,0,0,57,45,35,4.11,AI is off,AI is off,AI is off,AI is off,Not paired,AI is off,0,0,0
516000,15.6,0,5,0.53,0.21,0,0,53,1,0,14,False,True,0,0,58,44,33,4.11,AI is off,AI is off,AI is off,AI is off,Not paired,AI is off,0,0,0
518000,15.6,0,5,0.53,0.21,0,0,52,1,0,14,False,True,0,0,58,44,34,4.11,AI is off,AI is off,AI is off,AI is off,Not paired,AI is off,0,0,0
520000,15.6,0,5,0.53,0.21,0,0,52,1,0,14,False,True,0,0,58,44,34,4.11,AI is off,AI is off,AI is off,AI is off,Not paired,AI is off,0,0,0
522000,15.5,0,5,0.53,0.21,0,0,52,1,0,14,False,True,0,0,58,44,34,4.11,AI is off,AI is off,AI is off,AI is off,Not paired,AI is off,0,0,0
524000,15.5,0,5,0.53,0.21,0,0,52,1,0,14,False,True,0,0,57,44,34,4.11,AI is off,AI is off,AI is off,AI is off,Not paired,AI is off,0,0,0
526000,15.8,0,5,0.53,0.21,0,0,52,1,0,14,False,True,0,0,57,44,35,4.11,AI is off,AI is off,AI is off,AI is off,Not paired,AI is off,0,0,0
528000,15.7,0,5,0.54,0.21,0,0,52,1,0,14,False,True,0,0,57,43,33,4.11,AI is off,AI is off,AI is off,AI is off,Not paired,AI is off,0,0,0
530000,15.7,0,5,0.54,0.21,0,0,50,1,0,14,False,True,0,0,57,44,34,4.11,AI is off,AI is off,AI is off,AI is off,Not paired,AI is off,0,0,0
532000,15.6,0,5,0.53,0.21,0,0,50,1,0,14,False,True,0,0,55,41,31,4.11,AI is off,AI is off,AI is off,AI is off,Not paired,AI is off,0,0,0
534000,15.6,0,5,0.53,0.21,0,0,51,1,0,14,False,True,0,0,55,41,30,4.11,AI is off,AI is off,AI is off,AI is off,Not paired,AI is off,0,0,0
536000,15.6,0,5,0.53,0.21,0,0,51,1,0,14,False,True,0,0,56,42,32,4.11,AI is off,AI is off,AI is off,AI is off,Not paired,AI is off,0,0,0
538000,15.3,0,5,0.53,0.21,0,0,51,1,0,14,False,True,0,0,57,45,34,4.11,AI is off,AI is off,AI is off,AI is off,Not paired,AI is off,0,0,0
540000,15.2,0,5,0.53,0.21,0,0,51,1,0,14,False,True,0,0,59,45,35,4.11,AI is off,AI is off,AI is off,AI is off,Not paired,AI is off,0,0,0
542000,15.3,0,5,0.53,0.21,0,0,51,1,0,14,False,True,0,0,59,45,35,4.11,AI is off,AI is off,AI is off,AI is off,Not paired,AI is off,0,0,0
544000,15.3,0,5,0.53,0.21,0,0,51,1,0,14,False,True,0,0,56,44,33,4.11,AI is off,AI is off,AI is off,AI is off,Not paired,AI is off,0,0,0
546000,15.5,0,5,0.53,0.21,0,0,53,1,0,14,False,True,0,0,59,45,34,4.11,AI is off,AI is off,AI is off,AI is off,Not paired,AI is off,0,0,0
548000,15.6,0,5,0.53,0.21,0,0,53,1,0,14,False,True,0,0,57,43,31,4.11,AI is off,AI is off,AI is off,AI is off,Not paired,AI is off,0,0,0
550000,15.7,0,5,0.54,0.21,0,0,50,1,0,14,False,True,0,0,58,45,35,4.11,AI is off,AI is off,AI is off,AI is off,Not paired,AI is off,0,0,0
552000,15.8,0,5,0.54,0.21,0,0,50,1,0,14,False,True,0,0,57,44,33,4.11,AI is off,AI is off,AI is off,AI is off,Not paired,AI is off,0,0,0
554000,16,0,5,0.54,0.21,0,0,50,1,0,14,False,True,0,0,57,44,32,4.11,AI is off,AI is off,AI is off,AI is off,Not paired,AI is off,0,0,0
556000,16,0,5,0.54,0.21,0,0,50,1,0,14,False,True,0,0,57,44,35,4.11,AI is off,AI is off,AI is off,AI is off,Not paired,AI is off,0,0,0
558000,15.8,0,5,0.54,0.21,0,0,50,1,0,14,False,True,0,0,58,45,35,4.11,AI is off,AI is off,AI is off,AI is off,Not paired,AI is off,0,0,0
560000,15.7,0,5,0.54,0.21,0,0,50,1,0,14,False,True,0,0,58,44,34,4.11,AI is off,AI is off,AI is off,AI is off,Not paired,AI is off,0,0,0
562000,15.6,0,5,0.53,0.21,0,0,50,1,0,14,False,True,0,0,58,45,35,4.11,AI is off,AI is off,AI is off,AI is off,Not paired,AI is off,0,0,0
564000,15.3,0,5,0.53,0.21,0,0,50,1,0,14,False,True,0,0,59,46,37,4.11,AI is off,AI is off,AI is off,AI is off,Not paired,AI is off,0,0,0
566000,15.2,0,5,0.52,0.21,0,0,50,1,0,14,False,True,0,0,57,44,32,4.11,AI is off,AI is off,AI is off,AI is off,Not paired,AI is off,0,0,0
568000,15.1,0,5,0.52,0.21,0,0,55,1,0,14,False,True,0,0,58,45,33,4.11,AI is off,AI is off,AI is off,AI is off,Not paired,AI is off,0,0,0
570000,14.9,0,5,0.52,0.21,0,0,55,1,0,14,False,True,0,0,59,45,33,4.11,AI is off,AI is off,AI is off,AI is off,Not paired,AI is off,0,0,0
572000,14.9,0,5,0.52,0.21,0,0,55,1,0,14,False,True,0,0,60,47,36,4.11,AI is off,AI is off,AI is off,AI is off,Not paired,AI is off,0,0,0
574000,14.9,0,5,0.52,0.21,0,0,55,1,0,14,False,True,0,0,59,46,33,4.11,AI is off,AI is off,AI is off,AI is off,Not paired,AI is off,0,0,0
576000,15.1,0,5,0.52,0.21,0,0,55,1,0,14,False,True,0,0,57,46,34,4.11,AI is off,AI is off,AI is off,AI is off,Not paired,AI is off,0,0,0
578000,15.2,0,5,0.52,0.21,0,0,55,1,0,14,False,True,0,0,58,46,33,4.11,AI is off,AI is off,AI is off,AI is off,Not paired,AI is off,0,0,0
580000,15.3,0,5,0.53,0.21,0,0,55,1,0,14,False,True,0,0,58,46,35,4.11,AI is off,AI is off,AI is off,AI is off,Not paired,AI is off,0,0,0
582000,15.5,0,5,0.53,0.21,0,0,55,1,0,14,False,True,0,0,59,46,33,4.11,AI is off,AI is off,AI is off,AI is off,Not paired,AI is off,0,0,0
584000,15.5,0,5,0.53,0.21,0,0,51,1,0,14,False,True,0,0,59,45,36,4.11,AI is off,AI is off,AI is off,AI is off,Not paired,AI is off,0,0,0
586000,15.5,0,5,0.53,0.21,0,0,51,1,0,14,False,True,0,0,59,44,33,4.11,AI is off,AI is off,AI is off,AI is off,Not paired,AI is off,0,0,0
588000,15.5,0,5,0.53,0.21,0,0,51,1,0,14,False,True,0,0,57,44,32,4.11,AI is off,AI is off,AI is off,AI is off,Not paired,AI is off,0,0,0
590000,15.5,0,5,0.53,0.21,0,0,51,1,0,14,False,True,0,0,60,48,37,4.11,AI is off,AI is off,AI is off,AI is off,Not paired,AI is off,0,0,0
592000,15.4,0,5,0.53,0.21,0,0,51,1,0,14,False,True,0,0,60,45,36,4.11,AI is off,AI is off,AI is off,AI is off,Not paired,AI is off,0,0,0
594000,15.3,0,5,0.53,0.21,0,0,53,1,0,14,False,True,0,0,59,44,34,4.11,AI is off,AI is off,AI is off,AI is off,Not paired,AI is off,0,0,0
596000,15.1,0,5,0.52,0.21,0,0,53,1,0,14,False,True,0,0,58,44,34,4.11,AI is off,AI is off,AI is off,AI is off,Not paired,AI is off,0,0,0
598000,15.1,0,5,0.52,0.21,0,0,53,1,0,14,False,True,0,0,59,46,36,4.11,AI is off,AI is off,AI is off,AI is off,Not paired,AI is off,0,0,0
600000,15.3,0,5,0.53,0.21,0,0,55,1,0,14,False,True,0,0,58,45,35,4.11,AI is off,AI is off,AI is off,AI is off,Not paired,AI is off,0,0,0
602000,14.8,0,5,0.52,0.21,0,0,55,1,0,14,False,True,0,0,56,43,32,4.11,AI is off,AI is off,AI is off,AI is off,Not paired,AI is off,0,0,0
604000,14.7,0,5,0.51,0.21,0,0,55,1,0,14,False,True,0,0,56,43,32,4.11,AI is off,AI is off,AI is off,AI is off,Not paired,AI is off,0,0,0
606000,14.6,0,5,0.51,0.21,0,0,55,1,0,14,False,True,0,0,57,44,34,4.11,AI is off,AI is off,AI is off,AI is off,Not paired,AI is off,0,0,0
608000,14.7,0,5,0.51,0.21,0,0,55,1,0,14,False,True,0,0,57,46,35,4.11,AI is off,AI is off,AI is off,AI is off,Not paired,AI is off,0,0,0
610000,15,0,5,0.52,0.21,0,0,57,1,0,14,False,True,0,0,57,44,32,4.11,AI is off,AI is off,AI is off,AI is off,Not paired,AI is off,0,0,0
612000,15.2,0,5,0.52,0.21,0,0,57,1,0,14,False,True,0,0,57,45,33,4.11,AI is off,AI is off,AI is off,AI is off,Not paired,AI is off,0,0,0
614000,15.6,0,5,0.53,0.21,0,0,52,1,0,14,False,True,0,0,58,44,33,4.11,AI is off,AI is off,AI is off,AI is off,Not paired,AI is off,0,0,0
616000,15.7,0,5,0.54,0.21,0,0,52,1,0,14,False,True,0,0,56,43,33,4.11,AI is off,AI is off,AI is off,AI is off,Not paired,AI is off,0,0,0
618000,15.6,0,5,0.53,0.21,0,0,52,1,0,14,False,True,0,0,56,42,32,4.11,AI is off,AI is off,AI is off,AI is off,Not paired,AI is off,0,0,0
620000,15,0,5,0.53,0.21,0,0,51,1,0,14,False,True,0,0,57,43,32,4.11,AI is off,AI is off,AI is off,AI is off,Not paired,AI is off,0,0,0
622000,14.3,0,5,0.51,0.21,0,0,51,1,0,13,False,True,0,0,59,45,36,4.11,AI is off,AI is off,AI is off,AI is off,Not paired,AI is off,0,0,0
624000,14.2,0,5,0.5,0.21,0,0,51,1,0,14,False,True,0,0,57,45,35,4.11,AI is off,AI is off,AI is off,AI is off,Not paired,AI is off,0,0,0
626000,14.3,0,5,0.51,0.21,0,0,51,1,0,14,False,True,0,0,57,44,34,4.11,AI is off,AI is off,AI is off,AI is off,Not paired,AI is off,0,0,0
628000,14,0,5,0.5,0.21,0,0,51,1,0,14,False,True,0,0,57,44,34,4.11,AI is off,AI is off,AI is off,AI is off,Not paired,AI is off,0,0,0
630000,13.8,0,5,0.5,0.21,0,0,67,1,0,14,False,True,0,0,58,45,35,4.11,AI is off,AI is off,AI is off,AI is off,Not paired,AI is off,0,0,0
632000,13.6,0,5,0.49,0.21,0,0,67,1,0,14,False,True,0,0,58,45,34,4.11,AI is off,AI is off,AI is off,AI is off,Not paired,AI is off,0,0,0
634000,13.6,0,5,0.49,0.21,0,0,67,1,0,14,False,True,0,0,59,45,36,4.11,AI is off,AI is off,AI is off,AI is off,Not paired,AI is off,0,0,0
636000,13.3,0,5,0.49,0.21,0,0,71,1,0,14,False,True,0,0,58,45,35,4.11,AI is off,AI is off,AI is off,AI is off,Not paired,AI is off,0,0,0
638000,13.1,0,5,0.48,0.21,0,0,71,1,0,14,False,True,0,0,59,45,36,4.11,AI is off,AI is off,AI is off,AI is off,Not paired,AI is off,0,0,0
640000,13,0,5,0.48,0.21,0,0,71,1,0,14,False,True,0,0,57,43,33,4.11,AI is off,AI is off,AI is off,AI is off,Not paired,AI is off,0,0,0
642000,13,0,5,0.48,0.21,0,0,71,1,0,14,False,True,0,0,58,44,34,4.11,AI is off,AI is off,AI is off,AI is off,Not paired,AI is off,0,0,0
644000,13.2,0,5,0.48,0.21,0,0,71,1,0,14,False,True,0,0,58,44,34,4.11,AI is off,AI is off,AI is off,AI is off,Not paired,AI is off,0,0,0
646000,13.4,0,5,0.49,0.21,0,0,74,1,0,14,False,True,0,0,58,45,35,4.11,AI is off,AI is off,AI is off,AI is off,Not paired,AI is off,0,0,0
648000,13.5,0,5,0.49,0.21,0,0,74,1,0,14,False,True,0,0,56,44,33,4.11,AI is off,AI is off,AI is off,AI is off,Not paired,AI is off,0,0,0
650000,13.7,0,5,0.49,0.21,0,0,74,1,0,14,False,True,0,0,57,45,34,4.11,AI is off,AI is off,AI is off,AI is off,Not paired,AI is off,0,0,0
652000,13.8,0,5,0.5,0.21,0,0,68,1,0,14,False,True,0,0,57,45,34,4.11,AI is off,AI is off,AI is off,AI is off,Not paired,AI is off,0,0,0
654000,14.1,0,5,0.5,0.21,0,0,68,1,0,14,False,True,0,0,57,44,34,4.11,AI is off,AI is off,AI is off,AI is off,Not paired,AI is off,0,0,0
656000,14.3,0,5,0.51,0.21,0,0,68,1,0,14,False,True,0,0,57,44,33,4.11,AI is off,AI is off,AI is off,AI is off,Not paired,AI is off,0,0,0
658000,14.5,0,5,0.51,0.21,0,0,68,1,0,14,False,True,0,0,57,44,34,4.11,AI is off,AI is off,AI is off,AI is off,Not paired,AI is off,0,0,0
660000,14.5,0,5,0.51,0.21,0,0,68,1,0,14,False,True,0,0,57,43,32,4.11,AI is off,AI is off,AI is off,AI is off,Not paired,AI is off,0,0,0
662000,14.5,0,5,0.51,0.21,0,0,60,1,0,14,False,True,0,0,56,44,33,4.11,AI is off,AI is off,AI is off,AI is off,Not paired,AI is off,0,0,0
664000,14.6,0,5,0.51,0.21,0,0,60,1,0,14,False,True,0,0,56,42,32,4.11,AI is off,AI is off,AI is off,AI is off,Not paired,AI is off,0,0,0
666000,14.7,0,5,0.51,0.21,0,0,60,1,0,14,False,True,0,0,58,46,37,4.11,AI is off,AI is off,AI is off,AI is off,Not paired,AI is off,0,0,0
668000,14.7,0,5,0.51,0.21,0,0,58,1,0,14,False,True,0,0,58,44,35,4.11,AI is off,AI is off,AI is off,AI is off,Not paired,AI is off,0,0,0
670000,14.8,0,5,0.52,0.21,0,0,58,1,0,14,False,True,0,0,57,44,34,4.11,AI is off,AI is off,AI is off,AI is off,Not paired,AI is off,0,0,0
672000,14.8,0,5,0.52,0.21,0,0,58,1,0,14,False,True,0,0,57,44,33,4.11,AI is off,AI is off,AI is off,AI is off,Not paired,AI is off,0,0,0
674000,14.6,0,5,0.51,0.21,0,0,58,1,0,14,False,True,0,0,58,45,36,4.11,AI is off,AI is off,AI is off,AI is off,Not paired,AI is off,0,0,0
676000,14.4,0,5,0.51,0.21,0,0,58,1,0,14,False,True,0,0,58,44,35,4.11,AI is off,AI is off,AI is off,AI is off,Not paired,AI is off,0,0,0
678000,14.5,0,5,0.51,0.21,0,0,60,1,0,14,False,True,0,0,58,44,34,4.11,AI is off,AI is off,AI is off,AI is off,Not paired,AI is off,0,0,0
680000,14.5,0,5,0.51,0.21,0,0,60,1,0,14,False,True,0,0,58,44,34,4.11,AI is off,AI is off,AI is off,AI is off,Not paired,AI is off,0,0,0
682000,14.5,0,5,0.51,0.21,0,0,59,1,0,14,False,True,0,0,57,44,34,4.11,AI is off,AI is off,AI is off,AI is off,Not paired,AI is off,0,0,0
684000,14.5,0,5,0.51,0.21,0,0,59,1,0,14,False,True,0,0,57,44,34,4.11,AI is off,AI is off,AI is off,AI is off,Not paired,AI is off,0,0,0
686000,14.6,0,5,0.51,0.21,0,0,59,1,0,14,False,True,0,0,57,43,32,4.11,AI is off,AI is off,AI is off,AI is off,Not paired,AI is off,0,0,0
688000,14.6,0,5,0.51,0.21,0,0,59,1,0,14,False,True,0,0,56,43,33,4.11,AI is off,AI is off,AI is off,AI is off,Not paired,AI is off,0,0,0
690000,14.5,0,5,0.51,0.21,0,0,59,1,0,14,False,True,0,0,57,43,34,4.11,AI is off,AI is off,AI is off,AI is off,Not paired,AI is off,0,0,0
692000,14.3,0,5,0.51,0.21,0,0,59,1,0,14,False,True,0,0,56,44,33,4.11,AI is off,AI is off,AI is off,AI is off,Not paired,AI is off,0,0,0
694000,14.3,0,5,0.51,0.21,0,0,61,1,0,14,False,True,0,0,57,43,33,4.11,AI is off,AI is off,AI is off,AI is off,Not paired,AI is off,0,0,0
696000,14.2,0,5,0.5,0.21,0,0,61,1,0,14,False,True,0,0,56,42,32,4.11,AI is off,AI is off,AI is off,AI is off,Not paired,AI is off,0,0,0
698000,14.4,0,5,0.51,0.21,0,0,60,1,0,14,False,True,0,0,57,43,33,4.11,AI is off,AI is off,AI is off,AI is off,Not paired,AI is off,0,0,0
700000,14.4,0,5,0.51,0.21,0,0,60,1,0,14,False,True,0,0,56,43,32,4.11,AI is off,AI is off,AI is off,AI is off,Not paired,AI is off,0,0,0
702000,14.2,0,5,0.51,0.21,0,0,60,1,0,14,False,True,0,0,57,44,34,4.11,AI is off,AI is off,AI is off,AI is off,Not paired,AI is off,0,0,0
704000,13.8,0,5,0.5,0.21,0,0,63,1,0,14,False,True,0,0,57,45,36,4.11,AI is off,AI is off,AI is off,AI is off,Not paired,AI is off,0,0,0
706000,14.2,0,5,0.5,0.21,0,0,63,1,0,14,False,True,0,0,56,43,32,4.11,AI is off,AI is off,AI is off,AI is off,Not paired,AI is off,0,0,0
708000,14.1,0,5,0.5,0.21,0,0,63,1,0,14,False,True,0,0,57,44,33,4.11,AI is off,AI is off,AI is off,AI is off,Not paired,AI is off,0,0,0
710000,14.1,0,5,0.5,0.21,0,0,63,1,0,14,False,True,0,0,58,44,34,4.11,AI is off,AI is off,AI is off,AI is off,Not paired,AI is off,0,0,0
712000,14.1,0,5,0.5,0.21,0,0,63,1,0,14,False,True,0,0,58,44,34,4.11,AI is off,AI is off,AI is off,AI is off,Not paired,AI is off,0,0,0
714000,14.2,0,5,0.5,0.21,0,0,62,1,0,14,False,True,0,0,57,44,34,4.11,AI is off,AI is off,AI is off,AI is off,Not paired,AI is off,0,0,0
716000,14.2,0,5,0.5,0.21,0,0,62,1,0,14,False,True,0,0,58,45,35,4.11,AI is off,AI is off,AI is off,AI is off,Not paired,AI is off,0,0,0
718000,14.4,0,5,0.51,0.21,0,0,62,1,0,14,False,True,0,0,58,45,35,4.11,AI is off,AI is off,AI is off,AI is off,Not paired,AI is off,0,0,0
720000,14.4,0,5,0.51,0.21,0,0,60,1,0,14,False,True,0,0,58,45,36,4.11,AI is off,AI is off,AI is off,AI is off,Not paired,AI is off,0,0,0
722000,14.5,0,5,0.51,0.21,0,0,60,1,0,14,False,True,0,0,58,46,36,4.11,AI is off,AI is off,AI is off,AI is off,Not paired,AI is off,0,0,0
724000,14.4,0,5,0.51,0.21,0,0,60,1,0,14,False,True,0,0,58,44,34,4.11,AI is off,AI is off,AI is off,AI is off,Not paired,AI is off,0,0,0
726000,14.3,0,5,0.51,0.21,0,0,60,1,0,14,False,True,0,0,59,46,36,4.11,AI is off,AI is off,AI is off,AI is off,Not paired,AI is off,0,0,0
728000,14.3,0,5,0.51,0.21,0,0,60,1,0,14,False,True,0,0,59,46,37,4.11,AI is off,AI is off,AI is off,AI is off,Not paired,AI is off,0,0,0
730000,14.4,0,5,0.51,0.21,0,0,59,1,0,14,False,True,0,0,58,45,35,4.11,AI is off,AI is off,AI is off,AI is off,Not paired,AI is off,0,0,0
732000,14.4,0,5,0.51,0.21,0,0,59,1,0,14,False,True,0,0,59,45,34,4.11,AI is off,AI is off,AI is off,AI is off,Not paired,AI is off,0,0,0
734000,14.3,0,5,0.51,0.21,0,0,59,1,0,14,False,True,0,0,58,45,35,4.11,AI is off,AI is off,AI is off,AI is off,Not paired,AI is off,0,0,0
736000,14.1,0,5,0.5,0.21,0,0,60,1,0,14,False,True,0,0,58,45,35,4.11,AI is off,AI is off,AI is off,AI is off,Not paired,AI is off,0,0,0
738000,13.7,0,5,0.49,0.21,0,0,60,1,0,14,False,True,0,0,58,46,37,4.11,AI is off,AI is off,AI is off,AI is off,Not paired,AI is off,0,0,0
740000,13.5,0,5,0.49,0.21,0,0,60,1,0,14,False,True,0,0,58,45,36,4.11,AI is off,AI is off,AI is off,AI is off,Not paired,AI is off,0,0,0
742000,13.6,0,5,0.49,0.21,0,0,60,1,0,14,False,True,0,0,57,44,33,4.11,AI is off,AI is off,AI is off,AI is off,Not paired,AI is off,0,0,0
744000,13.7,0,5,0.49,0.21,0,0,60,1,0,14,False,True,0,0,57,45,36,4.11,AI is off,AI is off,AI is off,AI is off,Not paired,AI is off,0,0,0
746000,13.9,0,5,0.5,0.21,0,0,65,1,0,14,False,True,0,0,57,44,33,4.11,AI is off,AI is off,AI is off,AI is off,Not paired,AI is off,0,0,0
748000,14.1,0,5,0.5,0.21,0,0,65,1,0,14,False,True,0,0,58,45,36,4.11,AI is off,AI is off,AI is off,AI is off,Not paired,AI is off,0,0,0
750000,14.2,0,5,0.5,0.21,0,0,65,1,0,14,False,True,0,0,59,45,35,4.11,AI is off,AI is off,AI is off,AI is off,Not paired,AI is off,0,0,0
752000,14.3,0,5,0.5,0.21,0,0,61,1,0,14,False,True,0,0,58,44,34,4.11,AI is off,AI is off,AI is off,AI is off,Not paired,AI is off,0,0,0
754000,14.3,0,5,0.51,0.21,0,0,61,1,0,14,False,True,0,0,58,45,35,4.11,AI is off,AI is off,AI is off,AI is off,Not paired,AI is off,0,0,0
756000,14.4,0,5,0.51,0.21,0,0,61,1,0,14,False,True,0,0,57,44,34,4.11,AI is off,AI is off,AI is off,AI is off,Not paired,AI is off,0,0,0
758000,14.5,0,5,0.51,0.21,0,0,61,1,0,14,False,True,0,0,56,43,32,4.11,AI is off,AI is off,AI is off,AI is off,Not paired,AI is off,0,0,0
760000,15.1,0,5,0.52,0.21,0,0,61,1,0,14,False,True,0,0,57,45,35,4.11,AI is off,AI is off,AI is off,AI is off,Not paired,AI is off,0,0,0
762000,15,0,5,0.52,0.21,0,0,53,1,0,14,False,True,0,0,56,44,33,4.11,AI is off,AI is off,AI is off,AI is off,Not paired,AI is off,0,0,0
764000,15.1,0,5,0.52,0.21,0,0,53,1,0,14,False,True,0,0,58,44,34,4.11,AI is off,AI is off,AI is off,AI is off,Not paired,AI is off,0,0,0
766000,15.2,0,5,0.52,0.21,0,0,53,1,0,14,False,True,0,0,57,44,34,4.11,AI is off,AI is off,AI is off,AI is off,Not paired,AI is off,0,0,0
768000,15.4,0,5,0.53,0.21,0,0,51,1,0,14,False,True,0,0,57,44,34,4.11,AI is off,AI is off,AI is off,AI is off,Not paired,AI is off,0,0,0
770000,15.4,0,5,0.53,0.21,0,0,51,1,0,14,False,True,0,0,57,44,34,4.11,AI is off,AI is off,AI is off,AI is off,Not paired,AI is off,0,0,0
772000,15.1,0,5,0.52,0.21,0,0,51,1,0,14,False,True,0,0,59,45,36,4.11,AI is off,AI is off,AI is off,AI is off,Not paired,AI is off,0,0,0
774000,14.9,0,5,0.52,0.21,0,0,51,1,0,14,False,True,0,0,58,45,35,4.11,AI is off,AI is off,AI is off,AI is off,Not paired,AI is off,0,0,0
776000,15,0,5,0.52,0.21,0,0,51,1,0,14,False,True,0,0,57,45,35,4.11,AI is off,AI is off,AI is off,AI is off,Not paired,AI is off,0,0,0
778000,15.1,0,5,0.52,0.21,0,0,53,1,0,14,False,True,0,0,57,44,34,4.11,AI is off,AI is off,AI is off,AI is off,Not paired,AI is off,0,0,0
780000,15.1,0,5,0.52,0.21,0,0,53,1,0,14,False,True,0,0,58,44,34,4.11,AI is off,AI is off,AI is off,AI is off,Not paired,AI is off,0,0,0
782000,15.1,0,5,0.52,0.21,0,0,52,1,0,14,False,True,0,0,56,43,34,4.11,AI is off,AI is off,AI is off,AI is off,Not paired,AI is off,0,0,0
784000,15.2,0,5,0.52,0.21,0,0,52,1,0,14,False,True,0,0,57,44,34,4.11,AI is off,AI is off,AI is off,AI is off,Not paired,AI is off,0,0,0
786000,15.2,0,5,0.52,0.21,0,0,52,1,0,14,False,True,0,0,58,45,34,4.11,AI is off,AI is off,AI is off,AI is off,Not paired,AI is off,0,0,0
788000,15.2,0,5,0.52,0.21,0,0,52,1,0,14,False,True,0,0,58,45,34,4.11,AI is off,AI is off,AI is off,AI is off,Not paired,AI is off,0,0,0
790000,15.3,0,5,0.53,0.21,0,0,52,1,0,14,False,True,0,0,57,44,33,4.11,AI is off,AI is off,AI is off,AI is off,Not paired,AI is off,0,0,0
792000,15.5,0,5,0.53,0.21,0,0,52,1,0,14,False,True,0,0,57,44,33,4.11,AI is off,AI is off,AI is off,AI is off,Not paired,AI is off,0,0,0
794000,15.7,0,5,0.53,0.21,0,0,48,1,0,14,False,True,0,0,58,44,33,4.11,AI is off,AI is off,AI is off,AI is off,Not paired,AI is off,0,0,0
796000,15.9,0,5,0.54,0.21,0,0,48,1,0,14,False,True,0,0,57,44,33,4.11,AI is off,AI is off,AI is off,AI is off,Not paired,AI is off,0,0,0
798000,15.9,0,5,0.54,0.21,0,0,48,1,0,13,False,True,0,0,58,45,35,4.11,AI is off,AI is off,AI is off,AI is off,Not paired,AI is off,0,0,0
800000,16.2,0,5,0.54,0.21,0,0,45,1,0,13,False,True,0,0,58,44,33,4.11,AI is off,AI is off,AI is off,AI is off,Not paired,AI is off,0,0,0
802000,16.3,0,5,0.55,0.21,0,0,45,1,0,13,False,True,0,0,58,45,35,4.11,AI is off,AI is off,AI is off,AI is off,Not paired,AI is off,0,0,0
804000,16.3,0,5,0.55,0.21,0,0,45,1,0,14,False,True,0,0,58,44,34,4.11,AI is off,AI is off,AI is off,AI is off,Not paired,AI is off,0,0,0
806000,16.2,0,5,0.55,0.21,0,0,45,1,0,13,False,True,0,0,57,44,34,4.11,AI is off,AI is off,AI is off,AI is off,Not paired,AI is off,0,0,0
808000,16,0,5,0.54,0.21,0,0,45,1,0,13,False,True,0,0,59,45,35,4.11,AI is off,AI is off,AI is off,AI is off,Not paired,AI is off,0,0,0
810000,15.8,0,5,0.54,0.21,0,0,45,1,0,13,False,True,0,0,57,45,36,4.11,AI is off,AI is off,AI is off,AI is off,Not paired,AI is off,0,0,0
812000,15.6,0,5,0.53,0.21,0,0,45,1,0,13,False,True,0,0,59,45,36,4.11,AI is off,AI is off,AI is off,AI is off,Not paired,AI is off,0,0,0
814000,15.3,0,5,0.53,0.21,0,0,45,1,0,13,False,True,0,0,58,45,35,4.11,AI is off,AI is off,AI is off,AI is off,Not paired,AI is off,0,0,0
816000,15,0,5,0.52,0.21,0,0,51,1,0,13,False,True,0,0,58,46,36,4.11,AI is off,AI is off,AI is off,AI is off,Not paired,AI is off,0,0,0
818000,14.9,0,5,0.52,0.21,0,0,51,1,0,13,False,True,0,0,58,45,35,4.11,AI is off,AI is off,AI is off,AI is off,Not paired,AI is off,0,0,0
820000,14.8,0,5,0.52,0.21,0,0,51,1,0,13,False,True,0,0,58,45,34,4.11,AI is off,AI is off,AI is off,AI is off,Not paired,AI is off,0,0,0
822000,14.6,0,5,0.51,0.21,0,0,51,1,0,13,False,True,0,0,57,44,33,4.11,AI is off,AI is off,AI is off,AI is off,Not paired,AI is off,0,0,0
824000,14.6,0,5,0.51,0.21,0,0,51,1,0,13,False,True,0,0,59,47,35,4.11,AI is off,AI is off,AI is off,AI is off,Not paired,AI is off,0,0,0
826000,14.7,0,5,0.51,0.21,0,0,55,1,0,13,False,True,0,0,57,46,34,4.11,AI is off,AI is off,AI is off,AI is off,Not paired,AI is off,0,0,0
828000,14.6,0,5,0.51,0.21,0,0,55,1,0,13,False,True,0,0,57,44,33,4.11,AI is off,AI is off,AI is off,AI is off,Not paired,AI is off,0,0,0
830000,14.5,0,5,0.51,0.21,0,0,55,1,0,13,False,True,0,0,59,45,35,4.11,AI is off,AI is off,AI is off,AI is off,Not paired,AI is off,0,0,0
832000,14.3,0,5,0.51,0.21,0,0,57,1,0,13,False,True,0,0,56,44,33,4.11,AI is off,AI is off,AI is off,AI is off,Not paired,AI is off,0,0,0
834000,14.2,0,5,0.5,0.21,0,0,57,1,0,13,False,True,0,0,59,46,36,4.11,AI is off,AI is off,AI is off,AI is off,Not paired,AI is off,0,0,0
836000,14,0,5,0.5,0.21,0,0,57,1,0,13,False,True,0,0,58,46,34,4.11,AI is off,AI is off,AI is off,AI is off,Not paired,AI is off,0,0,0
838000,13.9,0,5,0.5,0.21,0,0,61,1,0,14,False,True,0,0,60,47,36,4.11,AI is off,AI is off,AI is off,AI is off,Not paired,AI is off,0,0,0
840000,13.9,0,5,0.5,0.21,0,0,61,1,0,14,False,True,0,0,60,44,34,4.11,AI is off,AI is off,AI is off,AI is off,Not paired,AI is off,0,0,0
842000,14,0,5,0.5,0.21,0,0,61,1,0,14,False,True,0,0,57,45,32,4.11,AI is off,AI is off,AI is off,AI is off,Not paired,AI is off,0,0,0
844000,14.2,0,5,0.5,0.21,0,0,61,1,0,14,False,True,0,0,57,44,33,4.11,AI is off,AI is off,AI is off,AI is off,Not paired,AI is off,0,0,0
846000,14.3,0,5,0.51,0.21,0,0,58,1,0,14,False,True,0,0,58,44,34,4.11,AI is off,AI is off,AI is off,AI is off,Not paired,AI is off,0,0,0
848000,14.1,0,5,0.5,0.21,0,0,58,1,0,14,False,True,0,0,59,44,34,4.11,AI is off,AI is off,AI is off,AI is off,Not paired,AI is off,0,0,0
850000,14.1,0,5,0.5,0.21,0,0,58,1,0,14,False,True,0,0,58,44,34,4.11,AI is off,AI is off,AI is off,AI is off,Not paired,AI is off,0,0,0
852000,14.2,0,5,0.5,0.21,0,0,60,1,0,14,False,True,0,0,57,45,35,4.11,AI is off,AI is off,AI is off,AI is off,Not paired,AI is off,0,0,0
854000,14.1,0,5,0.5,0.21,0,0,60,1,0,14,False,True,0,0,57,44,34,4.11,AI is off,AI is off,AI is off,AI is off,Not paired,AI is off,0,0,0
856000,14,0,5,0.5,0.21,0,0,61,1,0,14,False,True,0,0,56,43,34,4.11,AI is off,AI is off,AI is off,AI is off,Not paired,AI is off,0,0,0
858000,14.1,0,5,0.5,0.21,0,0,61,1,0,14,False,True,0,0,58,44,34,4.11,AI is off,AI is off,AI is off,AI is off,Not paired,AI is off,0,0,0
860000,14.4,0,5,0.51,0.21,0,0,61,1,0,14,False,True,0,0,57,44,33,4.11,AI is off,AI is off,AI is off,AI is off,Not paired,AI is off,0,0,0
862000,14.7,0,5,0.51,0.21,0,0,61,1,0,14,False,True,0,0,56,43,33,4.11,AI is off,AI is off,AI is off,AI is off,Not paired,AI is off,0,0,0
864000,15,0,5,0.52,0.21,0,0,61,1,0,14,False,True,0,0,57,45,35,4.11,AI is off,AI is off,AI is off,AI is off,Not paired,AI is off,0,0,0
866000,15.1,0,5,0.52,0.21,0,0,61,1,0,14,False,True,0,0,56,43,32,4.11,AI is off,AI is off,AI is off,AI is off,Not paired,AI is off,0,0,0
868000,15.1,0,5,0.52,0.21,0,0,51,1,0,14,False,True,0,0,58,45,36,4.11,AI is off,AI is off,AI is off,AI is off,Not paired,AI is off,0,0,0
870000,15,0,5,0.52,0.21,0,0,51,1,0,14,False,True,0,0,57,44,33,4.11,AI is off,AI is off,AI is off,AI is off,Not paired,AI is off,0,0,0
872000,15.2,0,5,0.52,0.21,0,0,50,1,0,14,False,True,0,0,58,45,35,4.11,AI is off,AI is off,AI is off,AI is off,Not paired,AI is off,0,0,0
874000,15.2,0,5,0.53,0.21,0,0,50,1,0,14,False,True,0,0,57,43,34,4.11,AI is off,AI is off,AI is off,AI is off,Not paired,AI is off,0,0,0
876000,14.9,0,5,0.52,0.21,0,0,50,1,0,14,False,True,0,0,56,44,33,4.11,AI is off,AI is off,AI is off,AI is off,Not paired,AI is off,0,0,0
878000,14.9,0,5,0.52,0.21,0,0,52,1,0,13,False,True,0,0,57,45,35,4.11,AI is off,AI is off,AI is off,AI is off,Not paired,AI is off,0,0,0
880000,14.7,0,5,0.52,0.21,0,0,52,1,0,13,False,True,0,0,57,45,35,4.11,AI is off,AI is off,AI is off,AI is off,Not paired,AI is off,0,0,0
882000,14.6,0,5,0.51,0.21,0,0,52,1,0,13,False,True,0,0,57,44,34,4.11,AI is off,AI is off,AI is off,AI is off,Not paired,AI is off,0,0,0
884000,14.4,0,5,0.51,0.21,0,0,52,1,0,13,False,True,0,0,58,44,34,4.11,AI is off,AI is off,AI is off,AI is off,Not paired,AI is off,0,0,0
886000,14.2,0,5,0.51,0.21,0,0,52,1,0,14,False,True,0,0,58,45,37,4.11,AI is off,AI is off,AI is off,AI is off,Not paired,AI is off,0,0,0
888000,14.3,0,5,0.51,0.21,0,0,57,1,0,13,False,True,0,0,57,44,34,4.11,AI is off,AI is off,AI is off,AI is off,Not paired,AI is off,0,0,0
890000,14.1,0,5,0.5,0.21,0,0,57,1,0,13,False,True,0,0,58,45,36,4.11,AI is off,AI is off,AI is off,AI is off,Not paired,AI is off,0,0,0
892000,13.8,0,5,0.5,0.21,0,0,57,1,0,13,False,True,0,0,57,45,35,4.11,AI is off,AI is off,AI is off,AI is off,Not paired,AI is off,0,0,0
894000,13.6,0,5,0.49,0.21,0,0,63,1,0,13,False,True,0,0,57,45,36,4.11,AI is off,AI is off,AI is off,AI is off,Not paired,AI is off,0,0,0
896000,13.3,0,5,0.49,0.21,0,0,63,1,0,13,False,True,0,0,56,42,33,4.11,AI is off,AI is off,AI is off,AI is off,Not paired,AI is off,0,0,0
898000,13.1,0,5,0.48,0.21,0,0,71,1,0,14,False,True,0,0,58,45,35,4.11,AI is off,AI is off,AI is off,AI is off,Not paired,AI is off,0,0,0
900000,12.9,0,5,0.48,0.21,0,0,71,1,0,14,False,True,0,0,56,44,34,4.11,AI is off,AI is off,AI is off,AI is off,Not paired,AI is off,0,0,0
902000,12.4,0,5,0.47,0.21,0,0,71,1,0,14,False,True,0,0,57,44,34,4.11,AI is off,AI is off,AI is off,AI is off,Not paired,AI is off,0,0,0
904000,11.8,0,5,0.46,0.21,0,0,71,1,0,14,False,True,0,0,59,46,34,4.11,AI is off,AI is off,AI is off,AI is off,Not paired,AI is off,0,0,0
906000,11.7,0,5,0.45,0.21,0,0,71,1,0,14,False,True,0,0,59,46,34,4.11,AI is off,AI is off,AI is off,AI is off,Not paired,AI is off,0,0,0
908000,11.4,0,5,0.45,0.21,0,0,71,1,0,14,False,True,0,0,58,45,33,4.11,AI is off,AI is off,AI is off,AI is off,Not paired,AI is off,0,0,0
910000,11.2,0,5,0.44,0.21,0,0,99,1,0,14,False,True,0,0,56,44,32,4.11,AI is off,AI is off,AI is off,AI is off,Not paired,AI is off,0,0,0
912000,10.9,0,5,0.43,0.21,0,0,99,1,0,14,False,True,0,0,59,47,35,4.11,AI is off,AI is off,AI is off,AI is off,Not paired,AI is off,0,0,0
914000,10.8,0,5,0.43,0.21,0,0,99,1,0,14,False,True,0,0,59,47,36,4.11,AI is off,AI is off,AI is off,AI is off,Not paired,AI is off,0,0,0
916000,10.6,0,5,0.43,0.21,0,0,99,1,0,14,False,True,0,0,58,46,35,4.11,AI is off,AI is off,AI is off,AI is off,Not paired,AI is off,0,0,0
918000,10.2,0,5,0.42,0.21,0,0,99,1,0,14,False,True,0,0,57,46,34,4.11,AI is off,AI is off,AI is off,AI is off,Not paired,AI is off,0,0,0
920000,10.2,0,5,0.42,0.21,0,0,99,1,0,14,False,True,0,0,57,44,35,4.11,AI is off,AI is off,AI is off,AI is off,Not paired,AI is off,0,0,0
922000,9.900001,0,5,0.41,0.21,0,0,99,1,0,14,False,True,0,0,56,44,32,4.11,AI is off,AI is off,AI is off,AI is off,Not paired,AI is off,0,0,0
924000,9.3,0,4,0.4,0.21,0,0,99,1,0,14,False,True,0,0,56,44,33,4.11,AI is off,AI is off,AI is off,AI is off,Not paired,AI is off,0,0,0
926000,8.900001,0,4,0.39,0.21,0,0,99,1,0,14,False,True,0,0,59,46,36,4.11,AI is off,AI is off,AI is off,AI is off,Not paired,AI is off,0,0,0
928000,8.6,0,4,0.39,0.21,0,0,99,1,0,14,False,True,0,0,58,45,36,4.11,AI is off,AI is off,AI is off,AI is off,Not paired,AI is off,0,0,0
930000,8.3,0,4,0.38,0.21,0,0,99,1,0,14,False,True,0,0,57,44,34,4.11,AI is off,AI is off,AI is off,AI is off,Not paired,AI is off,0,0,0
932000,8,0,4,0.38,0.21,0,0,99,1,0,14,False,True,0,0,57,44,33,4.11,AI is off,AI is off,AI is off,AI is off,Not paired,AI is off,0,0,0
934000,7.9,0,4,0.37,0.21,0,0,99,1,0,14,False,True,0,0,58,45,35,4.11,AI is off,AI is off,AI is off,AI is off,Not paired,AI is off,0,0,0
936000,7.7,0,4,0.37,0.21,0,0,99,1,0,14,False,True,0,0,57,45,34,4.11,AI is off,AI is off,AI is off,AI is off,Not paired,AI is off,0,0,0
938000,7.2,0,4,0.36,0.21,0,0,99,1,0,14,False,True,0,0,59,45,35,4.11,AI is off,AI is off,AI is off,AI is off,Not paired,AI is off,0,0,0
940000,6.7,0,4,0.35,0.21,0,0,99,1,0,14,False,True,0,0,58,47,35,4.11,AI is off,AI is off,AI is off,AI is off,Not paired,AI is off,0,0,0
942000,6.4,0,4,0.34,0.21,0,0,99,1,0,14,False,True,0,0,59,47,35,4.11,AI is off,AI is off,AI is off,AI is off,Not paired,AI is off,0,0,0
944000,6.2,0,4,0.34,0.21,0,0,99,1,0,14,False,True,0,0,58,45,35,4.11,AI is off,AI is off,AI is off,AI is off,Not paired,AI is off,0,0,0
946000,6.1,0,4,0.33,0.21,0,0,99,1,0,14,False,True,0,0,58,45,35,4.11,AI is off,AI is off,AI is off,AI is off,Not paired,AI is off,0,0,0
948000,5.9,0,4,0.33,0.21,0,0,99,1,0,14,False,True,0,0,61,47,35,4.11,AI is off,AI is off,AI is off,AI is off,Not paired,AI is off,0,0,0
950000,5.9,0,4,0.33,0.21,0,0,99,1,0,14,False,True,0,0,57,45,35,4.11,AI is off,AI is off,AI is off,AI is off,Not paired,AI is off,0,0,0
952000,5.6,0,4,0.33,0.21,0,0,99,1,0,15,False,True,0,0,60,46,35,4.11,AI is off,AI is off,AI is off,AI is off,Not paired,AI is off,0,0,0
954000,5.7,0,4,0.33,0.21,0,0,99,1,0,15,False,True,0,0,57,45,35,4.11,AI is off,AI is off,AI is off,AI is off,Not paired,AI is off,0,0,0
956000,5.6,0,4,0.32,0.21,0,0,99,1,0,15,False,True,0,0,57,44,35,4.11,AI is off,AI is off,AI is off,AI is off,Not paired,AI is off,0,0,0
958000,5.6,0,4,0.32,0.21,0,0,99,1,0,15,False,True,0,0,57,44,35,4.1,AI is off,AI is off,AI is off,AI is off,Not paired,AI is off,0,0,0
960000,5.6,0,4,0.32,0.21,0,0,99,1,0,15,False,True,0,0,57,45,35,4.1,AI is off,AI is off,AI is off,AI is off,Not paired,AI is off,0,0,0
962000,5.6,0,4,0.32,0.21,0,0,99,1,0,15,False,True,0,0,57,44,33,4.1,AI is off,AI is off,AI is off,AI is off,Not paired,AI is off,0,0,0
964000,5.7,0,4,0.33,0.21,0,0,99,1,0,15,False,True,0,0,56,43,32,4.1,AI is off,AI is off,AI is off,AI is off,Not paired,AI is off,0,0,0
966000,5.7,0,4,0.33,0.21,0,0,99,1,0,15,False,True,0,0,59,46,36,4.11,AI is off,AI is off,AI is off,AI is off,Not paired,AI is off,0,0,0
968000,5.8,0,4,0.33,0.21,0,0,99,1,0,15,False,True,0,0,58,45,34,4.1,AI is off,AI is off,AI is off,AI is off,Not paired,AI is off,0,0,0
970000,5.8,0,4,0.33,0.21,0,0,99,1,0,15,False,True,0,0,59,47,36,4.11,AI is off,AI is off,AI is off,AI is off,Not paired,AI is off,0,0,0
972000,6,0,4,0.33,0.21,0,0,99,1,0,15,False,True,0,0,60,48,36,4.11,AI is off,AI is off,AI is off,AI is off,Not paired,AI is off,0,0,0
974000,6.2,0,4,0.34,0.21,0,0,99,1,0,15,False,True,0,0,58,46,34,4.1,AI is off,AI is off,AI is off,AI is off,Not paired,AI is off,0,0,0
976000,6.3,0,4,0.34,0.21,0,0,99,1,0,15,False,True,0,0,58,46,34,4.1,AI is off,AI is off,AI is off,AI is off,Not paired,AI is off,0,0,0
978000,6.4,0,4,0.34,0.21,0,0,99,1,0,15,False,True,0,0,60,45,36,4.1,AI is off,AI is off,AI is off,AI is off,Not paired,AI is off,0,0,0
980000,6.5,0,4,0.34,0.21,0,0,99,1,0,15,False,True,0,0,56,44,34,4.1,AI is off,AI is off,AI is off,AI is off,Not paired,AI is off,0,0,0
982000,6.7,0,4,0.35,0.21,0,0,99,1,0,15,False,True,0,0,58,45,35,4.1,AI is off,AI is off,AI is off,AI is off,Not paired,AI is off,0,0,0
984000,6.7,0,4,0.35,0.21,0,0,99,1,0,15,False,True,0,0,57,45,35,4.1,AI is off,AI is off,AI is off,AI is off,Not paired,AI is off,0,0,0
986000,6.4,0,4,0.34,0.21,0,0,99,1,0,16,False,True,0,0,60,46,37,4.1,AI is off,AI is off,AI is off,AI is off,Not paired,AI is off,0,0,0
988000,6.1,0,4,0.34,0.21,0,0,99,1,0,16,False,True,0,0,58,46,35,4.1,AI is off,AI is off,AI is off,AI is off,Not paired,AI is off,0,0,0
990000,6.2,0,4,0.34,0.21,0,0,99,1,0,16,False,True,0,0,59,45,36,4.1,AI is off,AI is off,AI is off,AI is off,Not paired,AI is off,0,0,0
992000,6.3,0,4,0.34,0.21,0,0,99,1,0,16,False,True,0,0,58,44,34,4.11,AI is off,AI is off,AI is off,AI is off,Not paired,AI is off,0,0,0
994000,6.3,0,3,0.34,0.21,0,0,99,1,0,16,False,True,0,0,60,46,35,4.11,AI is off,AI is off,AI is off,AI is off,Not paired,AI is off,0,0,0
996000,6.4,0,3,0.34,0.21,0,0,99,1,0,16,False,True,0,0,59,47,35,4.11,AI is off,AI is off,AI is off,AI is off,Not paired,AI is off,0,0,0
998000,6.5,0,3,0.34,0.21,0,0,99,1,0,16,False,True,0,0,57,44,34,4.11,AI is off,AI is off,AI is off,AI is off,Not paired,AI is off,0,0,0
1000000,6.5,0,3,0.34,0.21,0,0,99,1,0,16,False,True,0,0,56,43,31,4.11,AI is off,AI is off,AI is off,AI is off,Not paired,AI is off,0,0,0
1002000,6.4,0,3,0.34,0.21,0,0,99,1,0,16,False,True,0,0,59,47,36,4.11,AI is off,AI is off,AI is off,AI is off,Not paired,AI is off,0,0,0
1004000,6.1,0,3,0.34,0.21,0,0,99,1,0,16,False,True,0,0,74,58,44,4.1,AI is off,AI is off,AI is off,AI is off,Not paired,AI is off,0,0,0
1006000,6,0,3,0.33,0.21,0,0,99,1,0,16,False,True,0,0,64,49,38,4.1,AI is off,AI is off,AI is off,AI is off,Not paired,AI is off,0,0,0
1008000,5.9,0,3,0.33,0.21,0,0,99,1,0,16,False,True,0,0,58,46,34,4.1,AI is off,AI is off,AI is off,AI is off,Not paired,AI is off,0,0,0
1010000,5.6,0,3,0.32,0.21,0,0,99,1,0,16,False,True,0,0,58,46,35,4.1,AI is off,AI is off,AI is off,AI is off,Not paired,AI is off,0,0,0
1012000,5.3,0,3,0.32,0.21,0,0,99,1,0,16,False,True,0,0,57,44,33,4.1,AI is off,AI is off,AI is off,AI is off,Not paired,AI is off,0,0,0
1014000,5.1,0,3,0.31,0.21,0,0,99,1,0,16,False,True,0,0,59,46,36,4.1,AI is off,AI is off,AI is off,AI is off,Not paired,AI is off,0,0,0
1016000,5.1,0,3,0.31,0.21,0,0,99,1,0,16,False,True,0,0,58,44,34,4.1,AI is off,AI is off,AI is off,AI is off,Not paired,AI is off,0,0,0
1018000,5.3,0,3,0.32,0.21,0,0,99,1,0,16,False,True,0,0,58,45,35,4.1,AI is off,AI is off,AI is off,AI is off,Not paired,AI is off,0,0,0
1020000,5.6,0,3,0.32,0.21,0,0,99,1,0,17,False,True,0,0,58,45,35,4.1,AI is off,AI is off,AI is off,AI is off,Not paired,AI is off,0,0,0
1022000,5.5,0,3,0.32,0.21,0,0,99,1,0,17,False,True,0,0,57,46,37,4.1,AI is off,AI is off,AI is off,AI is off,Not paired,AI is off,0,0,0
1024000,5.5,0,3,0.32,0.21,0,0,99,1,0,17,False,True,0,0,58,44,33,4.1,AI is off,AI is off,AI is off,AI is off,Not paired,AI is off,0,0,0
1026000,5.5,0,3,0.32,0.21,0,0,99,1,0,17,False,True,0,0,58,45,36,4.1,AI is off,AI is off,AI is off,AI is off,Not paired,AI is off,0,0,0
1028000,5.2,0,3,0.32,0.21,0,0,99,1,0,17,False,True,0,0,67,53,41,4.1,AI is off,AI is off,AI is off,AI is off,Not paired,AI is off,0,0,0
1030000,5.1,0,3,0.31,0.21,0,0,99,1,0,17,False,True,0,0,58,45,34,4.1,AI is off,AI is off,AI is off,AI is off,Not paired,AI is off,0,0,0
1032000,4.9,0,3,0.31,0.21,0,0,99,1,0,17,False,True,0,0,58,45,35,4.1,AI is off,AI is off,AI is off,AI is off,Not paired,AI is off,0,0,0
1034000,4.7,0,3,0.3,0.21,0,0,99,1,0,17,False,True,0,0,57,45,34,4.1,AI is off,AI is off,AI is off,AI is off,Not paired,AI is off,0,0,0
1036000,4.7,0,3,0.31,0.21,0,0,99,1,0,17,False,True,0,0,58,45,33,4.1,AI is off,AI is off,AI is off,AI is off,Not paired,AI is off,0,0,0
1038000,5,0,3,0.31,0.21,0,0,99,1,0,17,False,True,0,0,59,45,35,4.1,AI is off,AI is off,AI is off,AI is off,Not paired,AI is off,0,0,0
1040000,5,0,3,0.31,0.21,0,0,99,1,0,17,False,True,0,0,58,45,36,4.1,AI is off,AI is off,AI is off,AI is off,Not paired,AI is off,0,0,0
1042000,4.8,0,3,0.31,0.21,0,0,99,1,0,17,False,True,0,0,57,44,34,4.1,AI is off,AI is off,AI is off,AI is off,Not paired,AI is off,0,0,0
1044000,4.8,0,2,0.31,0.21,0,0,99,1,0,17,False,True,0,0,58,44,34,4.1,AI is off,AI is off,AI is off,AI is off,Not paired,AI is off,0,0,0
1046000,4.8,0,2,0.31,0.21,0,0,99,1,0,17,False,True,0,0,57,44,34,4.1,AI is off,AI is off,AI is off,AI is off,Not paired,AI is off,0,0,0
1048000,4.9,0,2,0.31,0.21,0,0,99,1,0,17,False,True,0,0,57,44,34,4.1,AI is off,AI is off,AI is off,AI is off,Not paired,AI is off,0,0,0
1050000,5,0,2,0.31,0.21,0,0,99,1,0,17,False,True,0,0,58,45,34,4.1,AI is off,AI is off,AI is off,AI is off,Not paired,AI is off,0,0,0
1052000,5,0,2,0.31,0.21,0,0,99,1,0,17,False,True,0,0,58,45,35,4.1,AI is off,AI is off,AI is off,AI is off,Not paired,AI is off,0,0,0
1054000,4.9,0,2,0.31,0.21,0,0,99,1,0,18,False,True,0,0,57,45,36,4.1,AI is off,AI is off,AI is off,AI is off,Not paired,AI is off,0,0,0
1056000,5,0,2,0.31,0.21,0,0,99,1,0,18,False,True,0,0,58,44,34,4.1,AI is off,AI is off,AI is off,AI is off,Not paired,AI is off,0,0,0
1058000,5.2,0,2,0.32,0.21,0,0,99,1,0,18,False,True,0,0,58,45,36,4.1,AI is off,AI is off,AI is off,AI is off,Not paired,AI is off,0,0,0
1060000,4.9,0,2,0.31,0.21,0,0,99,1,0,18,False,True,0,0,58,46,35,4.1,AI is off,AI is off,AI is off,AI is off,Not paired,AI is off,0,0,0
1062000,4.7,0,2,0.3,0.21,0,0,99,1,0,18,False,True,0,0,59,47,35,4.1,AI is off,AI is off,AI is off,AI is off,Not paired,AI is off,0,0,0
1064000,4.5,0,2,0.3,0.21,0,0,99,1,0,18,False,True,0,0,57,45,33,4.1,AI is off,AI is off,AI is off,AI is off,Not paired,AI is off,0,0,0
1066000,4.5,0,2,0.3,0.21,0,0,99,1,0,18,False,True,0,0,59,46,35,4.1,AI is off,AI is off,AI is off,AI is off,Not paired,AI is off,0,0,0
1068000,4.3,0,2,0.3,0.21,0,0,99,1,0,18,False,True,0,0,59,45,35,4.1,AI is off,AI is off,AI is off,AI is off,Not paired,AI is off,0,0,0
1070000,4.4,0,2,0.3,0.21,0,0,99,1,0,18,False,True,0,0,57,45,35,4.1,AI is off,AI is off,AI is off,AI is off,Not paired,AI is off,0,0,0
1072000,4.6,0,2,0.3,0.21,0,0,99,1,0,18,False,True,0,0,59,45,36,4.1,AI is off,AI is off,AI is off,AI is off,Not paired,AI is off,0,0,0
1074000,4.6,0,2,0.3,0.21,0,0,99,1,0,18,False,True,0,0,57,44,34,4.1,AI is off,AI is off,AI is off,AI is off,Not paired,AI is off,0,0,0
1076000,4.6,0,2,0.3,0.21,0,0,99,1,0,18,False,True,0,0,58,45,35,4.1,AI is off,AI is off,AI is off,AI is off,Not paired,AI is off,0,0,0
1078000,4.6,0,2,0.3,0.21,0,0,99,1,0,18,False,True,0,0,57,45,35,4.1,AI is off,AI is off,AI is off,AI is off,Not paired,AI is off,0,0,0
1080000,4.6,0,2,0.3,0.21,0,0,99,1,0,18,False,True,0,0,58,46,36,4.1,AI is off,AI is off,AI is off,AI is off,Not paired,AI is off,0,0,0
1082000,4.6,0,2,0.3,0.21,0,0,99,1,0,18,False,True,0,0,61,45,35,4.1,AI is off,AI is off,AI is off,AI is off,Not paired,AI is off,0,0,0
1084000,4.8,0,2,0.31,0.21,0,0,99,1,0,18,False,True,0,0,58,45,35,4.1,AI is off,AI is off,AI is off,AI is off,Not paired,AI is off,0,0,0
1086000,4.9,0,2,0.31,0.21,0,0,99,1,0,18,False,True,0,0,57,45,34,4.1,AI is off,AI is off,AI is off,AI is off,Not paired,AI is off,0,0,0
1088000,5.2,0,2,0.32,0.21,0,0,99,1,0,18,False,True,0,0,60,44,34,4.1,AI is off,AI is off,AI is off,AI is off,Not paired,AI is off,0,0,0
1090000,5.3,0,2,0.32,0.21,0,0,99,1,0,18,False,True,0,0,58,45,33,4.1,AI is off,AI is off,AI is off,AI is off,Not paired,AI is off,0,0,0
1092000,5.2,0,2,0.32,0.21,0,0,99,1,0,19,False,True,0,0,57,44,34,4.1,AI is off,AI is off,AI is off,AI is off,Not paired,AI is off,0,0,0
1094000,5.1,0,2,0.31,0.21,0,0,99,1,0,19,False,True,0,0,58,46,36,4.1,AI is off,AI is off,AI is off,AI is off,Not paired,AI is off,0,0,0
1096000,4.9,0,2,0.31,0.21,0,0,99,1,0,19,False,True,0,0,57,43,33,4.1,AI is off,AI is off,AI is off,AI is off,Not paired,AI is off,0,0,0
1098000,4.8,0,1,0.31,0.21,0,0,99,1,0,19,False,True,0,0,74,57,45,4.1,AI is off,AI is off,AI is off,AI is off,Not paired,AI is off,0,0,0
1100000,4.7,0,1,0.31,0.21,0,0,99,1,0,19,False,True,0,0,59,48,37,4.1,AI is off,AI is off,AI is off,AI is off,Not paired,AI is off,0,0,0
1102000,4.7,0,1,0.31,0.21,0,0,99,1,0,19,False,True,0,0,69,52,40,4.1,AI is off,AI is off,AI is off,AI is off,Not paired,AI is off,0,0,0
1104000,4.5,0,1,0.3,0.21,0,0,99,1,0,19,False,True,0,0,64,50,39,4.1,AI is off,AI is off,AI is off,AI is off,Not paired,AI is off,0,0,0
1106000,4.6,0,1,0.3,0.21,0,0,99,1,0,19,False,True,0,0,59,45,33,4.1,AI is off,AI is off,AI is off,AI is off,Not paired,AI is off,0,0,0
1108000,4.5,0,1,0.3,0.21,0,0,99,1,0,19,False,True,0,0,61,47,35,4.1,AI is off,AI is off,AI is off,AI is off,Not paired,AI is off,0,0,0
1110000,4.5,0,1,0.3,0.21,0,0,99,1,0,19,False,True,0,0,58,45,33,4.1,AI is off,AI is off,AI is off,AI is off,Not paired,AI is off,0,0,0
1112000,4.4,0,1,0.3,0.21,0,0,99,1,0,19,False,True,0,0,58,45,36,4.1,AI is off,AI is off,AI is off,AI is off,Not paired,AI is off,0,0,0
1114000,4.3,0,1,0.3,0.21,0,0,99,1,0,19,False,True,0,0,74,57,44,4.1,AI is off,AI is off,AI is off,AI is off,Not paired,AI is off,0,0,0
1116000,4.2,0,1,0.29,0.21,0,0,99,1,0,19,False,True,0,0,64,50,39,4.1,AI is off,AI is off,AI is off,AI is off,Not paired,AI is off,0,0,0
1118000,4,0,1,0.29,0.21,0,0,99,1,0,19,False,True,0,0,58,44,33,4.1,AI is off,AI is off,AI is off,AI is off,Not paired,AI is off,0,0,0
1120000,3.9,0,1,0.29,0.21,0,0,99,1,0,19,False,True,0,0,59,44,34,4.1,AI is off,AI is off,AI is off,AI is off,Not paired,AI is off,0,0,0
1122000,3.8,0,1,0.29,0.21,0,0,99,1,0,19,False,True,0,0,61,47,36,4.1,AI is off,AI is off,AI is off,AI is off,Not paired,AI is off,0,0,0
1124000,3.8,0,1,0.29,0.21,0,0,99,1,0,19,False,True,0,0,59,47,35,4.1,AI is off,AI is off,AI is off,AI is off,Not paired,AI is off,0,0,0
1126000,3.8,0,1,0.29,0.21,0,0,99,1,0,19,False,True,0,0,56,43,33,4.1,AI is off,AI is off,AI is off,AI is off,Not paired,AI is off,0,0,0
1128000,3.8,0,1,0.29,0.21,0,0,99,1,0,19,False,True,0,0,59,45,35,4.1,AI is off,AI is off,AI is off,AI is off,Not paired,AI is off,0,0,0
1130000,3.9,0,1,0.29,0.21,0,0,99,1,0,19,False,True,0,0,58,44,34,4.1,AI is off,AI is off,AI is off,AI is off,Not paired,AI is off,0,0,0
1132000,3.9,0,1,0.29,0.21,0,0,99,1,0,19,False,True,0,0,56,43,33,4.1,AI is off,AI is off,AI is off,AI is off,Not paired,AI is off,0,0,0
1134000,3.9,0,1,0.29,0.21,0,0,99,1,0,19,False,True,0,0,57,44,34,4.1,AI is off,AI is off,AI is off,AI is off,Not paired,AI is off,0,0,0
1136000,3.8,0,1,0.29,0.21,0,0,99,1,0,19,False,True,0,0,59,46,35,4.1,AI is off,AI is off,AI is off,AI is off,Not paired,AI is off,0,0,0
1138000,3.8,0,1,0.29,0.21,0,0,99,1,0,19,False,True,0,0,58,44,31,4.1,AI is off,AI is off,AI is off,AI is off,Not paired,AI is off,0,0,0
1140000,3.8,0,1,0.29,0.21,0,0,99,1,0,19,False,True,0,0,58,45,35,4.1,AI is off,AI is off,AI is off,AI is off,Not paired,AI is off,0,0,0
1142000,3.8,0,1,0.29,0.21,0,0,99,1,0,19,False,True,0,0,60,46,35,4.1,AI is off,AI is off,AI is off,AI is off,Not paired,AI is off,0,0,0
1144000,4,0,1,0.29,0.21,0,0,99,1,0,19,False,True,0,0,58,46,35,4.1,AI is off,AI is off,AI is off,AI is off,Not paired,AI is off,0,0,0
1146000,4.1,0,1,0.29,0.21,0,0,99,1,0,19,False,True,0,0,59,46,34,4.1,AI is off,AI is off,AI is off,AI is off,Not paired,AI is off,0,0,0
1148000,4.3,0,1,0.3,0.21,0,0,99,1,0,20,False,True,0,0,55,41,30,4.1,AI is off,AI is off,AI is off,AI is off,Not paired,AI is off,0,0,0
1150000,4.4,0,1,0.3,0.21,0,0,99,1,0,20,False,True,0,0,58,43,33,4.1,AI is off,AI is off,AI is off,AI is off,Not paired,AI is off,0,0,0
1152000,4.4,0,1,0.3,0.21,0,0,99,1,0,20,False,True,0,0,62,49,37,4.1,AI is off,AI is off,AI is off,AI is off,Not paired,AI is off,0,0,0
1154000,4.6,0,1,0.3,0.21,0,0,99,1,0,20,False,True,0,0,57,43,33,4.1,AI is off,AI is off,AI is off,AI is off,Not paired,AI is off,0,0,0
1156000,4.6,0,1,0.3,0.21,0,0,99,1,0,20,False,True,0,0,59,46,34,4.1,AI is off,AI is off,AI is off,AI is off,Not paired,AI is off,0,0,0
1158000,4.5,0,1,0.3,0.21,0,0,99,1,0,20,False,True,0,0,59,46,35,4.1,AI is off,AI is off,AI is off,AI is off,Not paired,AI is off,0,0,0
1160000,4.2,0,1,0.3,0.21,0,0,99,1,0,20,False,True,0,0,57,43,32,4.1,AI is off,AI is off,AI is off,AI is off,Not paired,AI is off,0,0,0
1162000,4.4,0,1,0.3,0.21,0,0,99,1,0,20,False,True,0,0,57,43,33,4.1,AI is off,AI is off,AI is off,AI is off,Not paired,AI is off,0,0,0
1164000,4.5,0,1,0.3,0.21,0,0,99,1,0,20,False,True,0,0,60,47,36,4.1,AI is off,AI is off,AI is off,AI is off,Not paired,AI is off,0,0,0
1166000,4.6,0,1,0.3,0.21,0,0,99,1,0,20,False,True,0,0,57,44,34,4.1,AI is off,AI is off,AI is off,AI is off,Not paired,AI is off,0,0,0
1168000,4.4,0,1,0.3,0.21,0,0,99,1,0,20,False,True,0,0,57,44,33,4.1,AI is off,AI is off,AI is off,AI is off,Not paired,AI is off,0,0,0
1170000,4.3,0,1,0.3,0.21,0,0,99,1,0,20,False,True,0,0,58,44,34,4.1,AI is off,AI is off,AI is off,AI is off,Not paired,AI is off,0,0,0
1172000,4.1,0,1,0.29,0.21,0,0,99,1,0,20,False,True,0,0,58,44,33,4.1,AI is off,AI is off,AI is off,AI is off,Not paired,AI is off,0,0,0
1174000,3.7,0,1,0.28,0.21,0,0,99,1,0,20,False,True,0,0,57,45,35,4.1,AI is off,AI is off,AI is off,AI is off,Not paired,AI is off,0,0,0
1176000,3.4,0,1,0.28,0.21,0,0,99,1,0,20,False,True,0,0,57,45,35,4.1,AI is off,AI is off,AI is off,AI is off,Not paired,AI is off,0,0,0
1178000,2.7,0,1,0.26,0.21,0,0,99,1,0,20,False,True,0,0,58,43,33,4.1,AI is off,AI is off,AI is off,AI is off,Not paired,AI is off,0,0,0
1180000,2.1,0,1,0.25,0.21,0,0,99,1,0,20,False,True,0,0,58,44,34,4.1,AI is off,AI is off,AI is off,AI is off,Not paired,AI is off,0,0,0
1182000,1.6,0,1,0.24,0.21,0,0,99,1,0,20,False,True,0,0,57,44,33,4.1,AI is off,AI is off,AI is off,AI is off,Not paired,AI is off,0,0,0
1184000,1.1,0,1,0.23,0.21,0,0,99,1,0,20,False,True,0,0,58,45,34,4.1,AI is off,AI is off,AI is off,AI is off,Not paired,AI is off,0,0,0
1186000,0,0,1,0.22,0.21,0,0,99,1,0,20,False,True,0,0,57,44,34,4.1,AI is off,AI is off,AI is off,AI is off,Not paired,AI is off,0,0,0
1188000,0,0,1,0.22,0.21,0,0,99,1,0,20,False,True,0,0,56,42,32,4.1,AI is off,AI is off,AI is off,AI is off,Not paired,AI is off,0,0,0
1190000,0,0,1,0.22,0.21,0,0,99,1,0,20,False,True,0,0,55,41,30,4.1,AI is off,AI is off,AI is off,AI is off,Not paired,AI is off,0,0,0
1192000,0,0,1,0.21,0.21,0,0,99,1,0,20,False,True,0,0,57,44,34,4.1,AI is off,AI is off,AI is off,AI is off,Not paired,AI is off,0,0,0
1194000,0,0,1,0.21,0.21,0,0,99,1,0,20,False,True,0,0,57,45,35,4.1,AI is off,AI is off,AI is off,AI is off,Not paired,AI is off,0,0,0
1196000,0,0,0,0.22,0.21,0,0,99,1,0,20,False,True,0,0,58,43,34,4.1,AI is off,AI is off,AI is off,AI is off,Not paired,AI is off,0,0,0
1198000,0,0,0,0.22,0.21,0,0,99,1,0,20,False,True,0,0,59,45,35,4.1,AI is off,AI is off,AI is off,AI is off,Not paired,AI is off,0,0,0
1200000,0,0,0,0.22,0.21,0,0,99,1,0,20,False,True,0,0,58,45,35,4.1,AI is off,AI is off,AI is off,AI is off,Not paired,AI is off,0,0,0
1202000,0,0,0,0.22,0.21,0,0,99,1,0,20,False,True,0,0,58,46,35,4.1,AI is off,AI is off,AI is off,AI is off,Not paired,AI is off,0,0,0
1204000,0,0,0,0.22,0.21,0,0,99,1,0,20,False,True,0,0,59,47,35,4.1,AI is off,AI is off,AI is off,AI is off,Not paired,AI is off,0,0,0
1206000,0,0,0,0.21,0.21,0,0,99,1,0,21,False,True,0,0,60,48,35,4.1,AI is off,AI is off,AI is off,AI is off,Not paired,AI is off,0,0,0
1208000,0,0,0,0.21,0.21,0,0,99,1,0,21,False,True,0,0,70,55,42,4.1,AI is off,AI is off,AI is off,AI is off,Not paired,AI is off,0,0,0
1210000,0,0,0,0.21,0.21,0,0,99,1,0,21,False,True,0,0,57,45,35,4.1,AI is off,AI is off,AI is off,AI is off,Not paired,AI is off,0,0,0
1212000,0,0,0,0.21,0.21,0,0,99,1,0,21,False,True,0,0,59,46,36,4.1,AI is off,AI is off,AI is off,AI is off,Not paired,AI is off,0,0,0
1214000,0,0,0,0.22,0.21,0,0,99,1,0,21,False,True,0,0,58,44,34,4.1,AI is off,AI is off,AI is off,AI is off,Not paired,AI is off,0,0,0
1216000,0,0,0,0.21,0.21,0,0,99,1,0,21,False,True,0,0,58,45,36,4.1,AI is off,AI is off,AI is off,AI is off,Not paired,AI is off,0,0,0
1218000,0,0,0,0.21,0.21,0,0,99,1,0,21,False,True,0,0,57,44,33,4.1,AI is off,AI is off,AI is off,AI is off,Not paired,AI is off,0,0,0
1220000,0,0,0,0.21,0.21,0,0,99,1,0,21,False,True,0,0,56,43,33,4.1,AI is off,AI is off,AI is off,AI is off,Not paired,AI is off,0,0,0
1222000,0,0,0,0.21,0.21,0,0,99,1,0,21,False,True,0,0,59,45,35,4.1,AI is off,AI is off,AI is off,AI is off,Not paired,AI is off,0,0,0
1224000,0,0,0,0.21,0.21,0,0,99,1,0,21,False,True,0,0,64,49,37,4.1,AI is off,AI is off,AI is off,AI is off,Not paired,AI is off,0,0,0
1226000,0,0,0,0.21,0.21,0,0,99,1,0,21,False,True,0,0,58,44,33,4.1,AI is off,AI is off,AI is off,AI is off,Not paired,AI is off,0,0,0
1228000,0,0,0,0.21,0.21,0,0,99,1,0,21,False,True,0,0,58,45,33,4.1,AI is off,AI is off,AI is off,AI is off,Not paired,AI is off,0,0,0
1230000,0,0,0,0.21,0.21,0,0,99,1,0,21,False,True,0,0,59,46,36,4.1,AI is off,AI is off,AI is off,AI is off,Not paired,AI is off,0,0,0
1232000,0,0,0,0.21,0.21,0,0,99,1,0,21,False,True,0,0,59,45,35,4.1,AI is off,AI is off,AI is off,AI is off,Not paired,AI is off,0,0,0
1234000,0,0,0,0.21,0.21,0,0,99,1,0,21,False,True,0,0,62,47,37,4.1,AI is off,AI is off,AI is off,AI is off,Not paired,AI is off,0,0,0
1236000,0,0,0,0.21,0.21,0,0,99,1,0,21,False,True,0,0,58,45,33,4.1,AI is off,AI is off,AI is off,AI is off,Not paired,AI is off,0,0,0
1238000,0,0,0,0.22,0.21,0,0,99,1,0,21,False,True,0,0,57,44,33,4.1,AI is off,AI is off,AI is off,AI is off,Not paired,AI is off,0,0,0
1240000,0,0,0,0.21,0.21,0,0,99,1,0,21,False,True,0,0,59,46,34,4.1,AI is off,AI is off,AI is off,AI is off,Not paired,AI is off,0,0,0
1242000,0,0,0,0.21,0.21,0,0,99,1,0,21,False,True,0,0,60,46,34,4.1,AI is off,AI is off,AI is off,AI is off,Not paired,AI is off,0,0,0
1244000,0,0,0,0.21,0.21,0,0,99,1,0,21,False,True,0,0,59,44,33,4.1,AI is off,AI is off,AI is off,AI is off,Not paired,AI is off,0,0,0